FID,Código,Nombre,Tipo,Dirección,Teléfono,Web,x,y
1,2643,Virgen del Rocío,Hospital regional,"Av Manuel Siurot, s/n",955012000,http://www.juntadeandalucia.es/servicioandaluzdesalud/centros/Detalle.asp?IdCentro=16477&CodTipoCentro=1&CodPostal=&Municipio=sevilla&Provincia=41,-665845.622994451,4489612.22572006
2,2644,Virgen Macarena,Hospital regional,"Av Dr. Fedriani, 3",955008000,http://www.juntadeandalucia.es/servicioandaluzdesalud/centros/Detalle.asp?IdCentro=16485&CodTipoCentro=1&CodPostal=&Municipio=sevilla&Provincia=41,-666439.512477833,4495952.50038666
3,2645,Virgen de Valme,Hospital de especialidades,"Ctra. de Cádiz Km. 548,9",955015000,http://www.juntadeandalucia.es/servicioandaluzdesalud/centros/Detalle.asp?IdCentro=16490&CodTipoCentro=1&CodPostal=&Municipio=sevilla&Provincia=41,-664567.452601163,4483641.94490302
4,2646,Doctor Fleming de Sevilla,Centro de consultas externas,"C/ Juan de Padilla, 8",955016900,http://www.juntadeandalucia.es/servicioandaluzdesalud/centros/Detalle.asp?IdCentro=16483&CodTipoCentro=2&CodPostal=&Municipio=sevilla&Provincia=41,-664288.263318253,4491988.53979836
5,2647,Esperanza Macarena de Sevilla,Centro de consultas externas,"C/ María Auxiliadora, 4",955017505,http://www.juntadeandalucia.es/servicioandaluzdesalud/centros/Detalle.asp?IdCentro=16489&CodTipoCentro=2&CodPostal=&Municipio=sevilla&Provincia=41,-666037.76043556,4494217.00638803
6,2648,San Jerónimo de Sevilla,Centro de consultas externas,"C/ Medina y Galnares, 129",955007700,http://www.juntadeandalucia.es/servicioandaluzdesalud/centros/Detalle.asp?IdCentro=16488&CodTipoCentro=2&CodPostal=&Municipio=sevilla&Provincia=41,-665762.912612791,4499371.91962102
7,2649,Virgen de los Reyes de Sevilla,Centro de consultas externas,"C/ Marqués de Paradas, 49",955017300,http://www.juntadeandalucia.es/servicioandaluzdesalud/centros/Detalle.asp?IdCentro=16484&CodTipoCentro=2&CodPostal=&Municipio=sevilla&Provincia=41,-668033.830224975,4493690.59953904
8,2650,Centro de Diagnóstico y Trat. Virgen del Rocío,Centro de consultas externas,"Avda. Manuel Siurot, s/n",955012000,http://www.juntadeandalucia.es/servicioandaluzdesalud/centros/Detalle.asp?IdCentro=16479&CodTipoCentro=2&CodPostal=&Municipio=sevilla&Provincia=41,-665758.793791632,4489648.92038493
9,2651,Policlínico Virgen Macarena,Centro de consultas externas,"Avda. Doctor Fedriani, 3",955008000,http://www.juntadeandalucia.es/servicioandaluzdesalud/centros/Detalle.asp?IdCentro=16486&CodTipoCentro=2&CodPostal=&Municipio=sevilla&Provincia=41,-666504.634379947,4495802.9717677
10,2652,Aeropuerto Viejo,Consultorio,"C/ Fuente Milanos, 6",902505061,http://www.juntadeandalucia.es/servicioandaluzdesalud/centros/Detalle.asp?IdCentro=25429&CodTipoCentro=3&CodPostal=&Municipio=sevilla&Provincia=41,-660746.299760193,4498042.05982658
11,2653,Alamillo,Centro de salud,"Avda. de Sánchez Pizjuán, s/n",955402100,http://www.juntadeandalucia.es/servicioandaluzdesalud/centros/Detalle.asp?IdCentro=25485&CodTipoCentro=3&CodPostal=&Municipio=sevilla&Provincia=41,-666259.50886122,4496809.77350609
12,2654,Alcosa ""Mercedes Navarro"",Centro de salud,"C/ Ciudad de Paterna, s/n",954786845,http://www.juntadeandalucia.es/servicioandaluzdesalud/centros/Detalle.asp?IdCentro=25007&CodTipoCentro=3&CodPostal=&Municipio=sevilla&Provincia=41,-659892.813224281,4496819.58413165
13,2655,Amante Laffón,Centro de salud,"Plaza de San Martin de Porres, 19",954712840,http://www.juntadeandalucia.es/servicioandaluzdesalud/centros/Detalle.asp?IdCentro=25032&CodTipoCentro=3&CodPostal=&Municipio=sevilla&Provincia=41,-669008.766325342,4492332.03972716
14,2656,Amate,Centro de salud,"Avda. Los Gavilanes, s/n",954712101,http://www.juntadeandalucia.es/servicioandaluzdesalud/centros/Detalle.asp?IdCentro=25033&CodTipoCentro=3&CodPostal=&Municipio=sevilla&Provincia=41,-662661.885557763,4491738.76692685
15,2657,Bellavista,Centro de salud,"Avda. Jerez, s/n",954712152,http://www.juntadeandalucia.es/servicioandaluzdesalud/centros/Detalle.asp?IdCentro=25002&CodTipoCentro=3&CodPostal=&Municipio=sevilla&Provincia=41,-663980.687565191,4484602.785643
16,2658,Cerro del Águila,Centro de salud,"Avda. Hytasa, s/n",954786645,http://www.juntadeandalucia.es/servicioandaluzdesalud/centros/Detalle.asp?IdCentro=25009&CodTipoCentro=3&CodPostal=&Municipio=sevilla&Provincia=41,-662682.145705088,4490452.03341914
17,2659,Cisneo Alto-Las Naciones,Centro de salud,"C/ Escultor Francisco Buiza, s/n",955402260,http://www.juntadeandalucia.es/servicioandaluzdesalud/centros/Detalle.asp?IdCentro=25009&CodTipoCentro=3&CodPostal=&Municipio=sevilla&Provincia=41,-664723.299888273,4495557.17208609
18,2660,El Cachorro,Centro de salud,"C/ Virgen del Patrocinio, s/n",954994047,http://www.juntadeandalucia.es/servicioandaluzdesalud/centros/Detalle.asp?IdCentro=25010&CodTipoCentro=3&CodPostal=&Municipio=sevilla&Provincia=41,-668994.310619943,4493562.46774853
19,2661,El Greco,Centro de salud,"Avda. El Greco, s/n",955017683,http://www.juntadeandalucia.es/servicioandaluzdesalud/centros/Detalle.asp?IdCentro=25024&CodTipoCentro=3&CodPostal=&Municipio=sevilla&Provincia=41,-664300.619781731,4493625.44854313
20,2662,El Juncal,Centro de salud,"Avda. Ronda del Tamarguillo esq. Avda. de la Paz, s/n",954712770,http://www.juntadeandalucia.es/servicioandaluzdesalud/centros/Detalle.asp?IdCentro=25021&CodTipoCentro=3&CodPostal=&Municipio=sevilla&Provincia=41,-664449.787899394,4490827.97975799
21,2663,El Porvenir,Centro de salud,"C/ Diego de la Barrera, esquina calle Porvenir",954712323,http://www.juntadeandalucia.es/servicioandaluzdesalud/centros/Detalle.asp?IdCentro=25022&CodTipoCentro=3&CodPostal=&Municipio=sevilla&Provincia=41,-665841.949451255,4491158.27456304
22,2664,Esperanza Macarena,Centro de salud,"C/ Maria Auxiliadora, 4",955017517,http://www.juntadeandalucia.es/servicioandaluzdesalud/centros/Detalle.asp?IdCentro=25028&CodTipoCentro=3&CodPostal=&Municipio=sevilla&Provincia=41,-666025.515291573,4494223.17154336
23,2666,Huerta del Rey,Centro de salud,"Avda. Eduardo Dato, 22",954994001,http://www.juntadeandalucia.es/servicioandaluzdesalud/centros/Detalle.asp?IdCentro=25026&CodTipoCentro=3&CodPostal=&Municipio=sevilla&Provincia=41,-665103.678588314,4492595.83624469
24,2668,La Candelaria,Centro de salud,"Avda. San Juan de la Cruz, s/n",954712191,http://www.juntadeandalucia.es/servicioandaluzdesalud/centros/Detalle.asp?IdCentro=25003&CodTipoCentro=3&CodPostal=&Municipio=sevilla&Provincia=41,-663063.192322073,4492140.53573067
25,2669,La Plata,Centro de salud,"C/ Algaba, s/n",954994231,http://www.juntadeandalucia.es/servicioandaluzdesalud/centros/Detalle.asp?IdCentro=25012&CodTipoCentro=3&CodPostal=&Municipio=sevilla&Provincia=41,-661868.400227389,4491149.58983391
26,2670,Las Letanías 'Dra. Inmaculada Vieira',Centro de salud,"C/ Madre Amable, s/n",954786945,http://www.juntadeandalucia.es/servicioandaluzdesalud/centros/Detalle.asp?IdCentro=25006&CodTipoCentro=3&CodPostal=&Municipio=sevilla&Provincia=41,-664076.422327273,4490186.60995692
27,2671,Las Palmeritas,Centro de salud,C/ Beatriz de Suabia s/n,954712123,http://www.juntadeandalucia.es/servicioandaluzdesalud/centros/Detalle.asp?IdCentro=25454&CodTipoCentro=3&CodPostal=&Municipio=sevilla&Provincia=41,-664379.322661722,4491925.92091559
28,2672,Los Bermejales,Centro de salud,"Avda. Jerez, s/n (Antigüo Hospital Militar)",954712004,http://www.juntadeandalucia.es/servicioandaluzdesalud/centros/Detalle.asp?IdCentro=25017&CodTipoCentro=3&CodPostal=&Municipio=sevilla&Provincia=41,-664832.504308742,4487430.38392498
29,2673,Mallén,Centro de salud,"C/ Mallen, 10",955037854,http://www.juntadeandalucia.es/servicioandaluzdesalud/centros/Detalle.asp?IdCentro=25011&CodTipoCentro=3&CodPostal=&Municipio=sevilla&Provincia=41,-665003.60236609,4493302.50172323
30,2674,María Fuensanta Pérez Quirós,Centro de salud,"Avda. de las Ciencias, 43",954786782,http://www.juntadeandalucia.es/servicioandaluzdesalud/centros/Detalle.asp?IdCentro=25008&CodTipoCentro=3&CodPostal=&Municipio=sevilla&Provincia=41,-659740.194202403,4495061.24600278
31,2675,Marqués de Paradas,Centro de salud,"C/ Marques de Paradas, 18",954994076,http://www.juntadeandalucia.es/servicioandaluzdesalud/centros/Detalle.asp?IdCentro=25023&CodTipoCentro=3&CodPostal=&Municipio=sevilla&Provincia=41,-668090.509884085,4493682.48553945
32,2676,Palmete,Consultorio,"C/ Afecto, s/n",954786881,http://www.juntadeandalucia.es/servicioandaluzdesalud/centros/Detalle.asp?IdCentro=25035&CodTipoCentro=3&CodPostal=&Municipio=sevilla&Provincia=41,-660148.514094633,4491450.0576185
33,2677,Pino Montano A,Centro de salud,"C/ Forjadores, s/n",954712944,http://www.juntadeandalucia.es/servicioandaluzdesalud/centros/Detalle.asp?IdCentro=25016&CodTipoCentro=3&CodPostal=&Municipio=sevilla&Provincia=41,-663938.497478181,4497865.86990044
34,2678,Pino Montano B,Centro de salud,"C/ Mar de Alboran, s/n",954712738,http://www.juntadeandalucia.es/servicioandaluzdesalud/centros/Detalle.asp?IdCentro=25018&CodTipoCentro=3&CodPostal=&Municipio=sevilla&Provincia=41,-664454.129359535,4497744.06650154
35,2679,Polígono Norte,Centro de salud,"Avda. Pueblo Palestino (del), s/n",954786735,http://www.juntadeandalucia.es/servicioandaluzdesalud/centros/Detalle.asp?IdCentro=25014&CodTipoCentro=3&CodPostal=&Municipio=sevilla&Provincia=41,-665171.91743617,4496431.37065971
36,2680,Polígono Sur,Centro de salud,"C/ Bendición y Esperanza, 1",954786902,http://www.juntadeandalucia.es/servicioandaluzdesalud/centros/Detalle.asp?IdCentro=25015&CodTipoCentro=3&CodPostal=&Municipio=sevilla&Provincia=41,-664649.049787914,4489392.34052667
37,2681,Puerta Este ""Dr. Pedro Vallina"",Centro de salud,"C/ Cueva de la Pileta, s/n",954712906,http://www.juntadeandalucia.es/servicioandaluzdesalud/centros/Detalle.asp?IdCentro=25013&CodTipoCentro=3&CodPostal=&Municipio=sevilla&Provincia=41,-661134.916102552,4495209.92327726
38,2682,Ronda Histórica,Centro de salud,"Carretera de Carmona, 16",955001800,http://www.juntadeandalucia.es/servicioandaluzdesalud/centros/Detalle.asp?IdCentro=25358&CodTipoCentro=3&CodPostal=&Municipio=sevilla&Provincia=41,-665580.2373284,4494825.13231982
39,2683,San Jerónimo,Centro de salud,"Avda. Medina y Galnares, s/n",955007733,http://www.juntadeandalucia.es/servicioandaluzdesalud/centros/Detalle.asp?IdCentro=25020&CodTipoCentro=3&CodPostal=&Municipio=sevilla&Provincia=41,-665757.012679779,4499371.91962102
40,2684,San Luis,Centro de salud,"C/ San Luis, esq. Calle Inocentes",954994184,http://www.juntadeandalucia.es/servicioandaluzdesalud/centros/Detalle.asp?IdCentro=25484&CodTipoCentro=3&CodPostal=&Municipio=sevilla&Provincia=41,-666580.554272668,4494648.57600222
41,2685,San Pablo,Centro de salud,"C/ Jerusalen, s/n",954994140,http://www.juntadeandalucia.es/servicioandaluzdesalud/centros/Detalle.asp?IdCentro=25034&CodTipoCentro=3&CodPostal=&Municipio=sevilla&Provincia=41,-663593.184417739,4494222.33084015
42,2686,Torreblanca,Centro de salud,"C/ Castilleja del Campo, 5",954712820,http://www.juntadeandalucia.es/servicioandaluzdesalud/centros/Detalle.asp?IdCentro=25030&CodTipoCentro=3&CodPostal=&Municipio=sevilla&Provincia=41,-657100.029839259,4492866.64433987
43,2687,Valdezorras,Consultorio,"C/ Marabú, 16",954994091,http://www.juntadeandalucia.es/servicioandaluzdesalud/centros/Detalle.asp?IdCentro=25036&CodTipoCentro=3&CodPostal=&Municipio=sevilla&Provincia=41,-659634.997283603,4499249.53800486
44,2688,Virgen de África,Centro de salud,"C/ Virgen de Africa, 1",954786814,http://www.juntadeandalucia.es/servicioandaluzdesalud/centros/Detalle.asp?IdCentro=25004&CodTipoCentro=3&CodPostal=&Municipio=sevilla&Provincia=41,-668287.304705511,4491748.43273235
45,0,El Gordillo,Consultorio Auxiliar,"C/Linaria, 17",0,http://www.juntadeandalucia.es/servicioandaluzdesalud/centros/Detalle.asp?IdCentro=25611&CodTipoCentro=3&CodPostal=&Municipio=sevilla&Provincia=41,-661074.305076506,4501640.31012438
