FID,FID_1,Código,Tipo,Nombre,Latitud,longitud,Fecha_Alta,Fecha_Baja,CreationDa,Creator,EditDate,Editor,Web,Foto,Texto,Texto2,GlobalID,x,y
1,1,6575,Centro de Servicios Sociales,Servicio de Intervención de los Servicios Sociales,37.40492,-5.985059,"C/ Fray Isidoro de Sevilla, 1",955472166,2014-10-04T21:44:52.843Z,Ayto.Sevilla,2014-10-04T21:44:52.843Z,Ayto.Sevilla, ,http://sig.urbanismosevilla.org/sevilla.art/images/C_Servicios_Sociales/CSS_Macarena.JPG,"El contenido de los Servicios Sociales comprende aquellos recursos, actividades y prestaciones organizadas para la promoción del desarrollo de las personas y grupos sociales para la obtención de mayor bienestar social y una mejor calidad de vida,",así como para la prevención y eliminación de la marginación social.,a95229f8-0dfa-45b0-b86d-ddd7aa75ea17,-666253.720247699,4495698.70952606
2,2,6576,Centro de Servicios Sociales,CSS Triana-Los Remedios,37.384209,-6.004197,"C/ San Jacinto, 27",955473535,2014-10-04T21:44:52.843Z,Ayto.Sevilla,2014-10-04T21:44:52.843Z,Ayto.Sevilla, ,http://sig.urbanismosevilla.org/sevilla.art/images/C_Servicios_Sociales/CSS_Triana.jpg,"El contenido de los Servicios Sociales comprende aquellos recursos, actividades y prestaciones organizadas para la promoción del desarrollo de las personas y grupos sociales para la obtención de mayor bienestar social y una mejor calidad de vida,",así como para la prevención y eliminación de la marginación social.,a7c9f01d-be70-4269-8e7f-86359c387f01,-668384.152662501,4492796.73524257
3,3,6578,Centro de Servicios Sociales,CSS Alcosa-Polígono Aeropuerto,37.399757,-5.926355,"Avda. de las Ciencias, 43B",955471600,2014-10-04T21:44:52.843Z,Ayto.Sevilla,2014-10-04T21:44:52.843Z,Ayto.Sevilla, ,http://sig.urbanismosevilla.org/sevilla.art/images/C_Servicios_Sociales/CSS_SevEste_Alcosa.jpg,"El contenido de los Servicios Sociales comprende aquellos recursos, actividades y prestaciones organizadas para la promoción del desarrollo de las personas y grupos sociales para la obtención de mayor bienestar social y una mejor calidad de vida,",así como para la prevención y eliminación de la marginación social.,69dbdbbc-aba8-4f51-a1fe-a8bc74d4575a,-659718.820860171,4494975.20765129
4,4,6579,Centro de Servicios Sociales,CSS Cerro-Su eminencia,37.374718,-5.956628,"C/ Tarragona, 3",955472555,2014-10-04T21:44:52.843Z,Ayto.Sevilla,2014-10-04T21:44:52.843Z,Ayto.Sevilla, ,http://sig.urbanismosevilla.org/sevilla.art/images/C_Servicios_Sociales/CSS_SuEminencia.JPG,"El contenido de los Servicios Sociales comprende aquellos recursos, actividades y prestaciones organizadas para la promoción del desarrollo de las personas y grupos sociales para la obtención de mayor bienestar social y una mejor calidad de vida,",así como para la prevención y eliminación de la marginación social.,8f2899b1-bfc3-462e-afc2-cfff58186211,-663088.795804956,4491467.14754727
5,5,6580,Centro de Servicios Sociales,CSS Torreblanca,37.38451,-5.912597,"C/ Mitra, s/n",955471340,2014-10-04T21:44:52.843Z,Ayto.Sevilla,2014-10-04T21:44:52.843Z,Ayto.Sevilla, ,http://sig.urbanismosevilla.org/sevilla.art/images/C_Servicios_Sociales/CSS_Torreblanca.jpg,"El contenido de los Servicios Sociales comprende aquellos recursos, actividades y prestaciones organizadas para la promoción del desarrollo de las personas y grupos sociales para la obtención de mayor bienestar social y una mejor calidad de vida,",así como para la prevención y eliminación de la marginación social.,c5129c71-9872-49ee-a03f-f12be0aeb668,-658187.287305837,4492838.90487964
6,6,6581,Centro de Servicios Sociales,CSS Macarena,37.404775,-5.986229,"C/ Fray Isidoro de Sevilla, 1",955472222,2014-10-04T21:44:52.843Z,Ayto.Sevilla,2014-10-04T21:44:52.843Z,Ayto.Sevilla, ,http://sig.urbanismosevilla.org/sevilla.art/images/C_Servicios_Sociales/CSS_Macarena.jpg,"El contenido de los Servicios Sociales comprende aquellos recursos, actividades y prestaciones organizadas para la promoción del desarrollo de las personas y grupos sociales para la obtención de mayor bienestar social y una mejor calidad de vida,",así como para la prevención y eliminación de la marginación social.,3c7365e0-1cbb-4483-abb6-1a5568a9d385,-666383.964051927,4495678.38969561
7,7,6582,Centro de Servicios Sociales,CSS San Jerónimo,37.430607,-5.98165,"C/ Mejillón, 65",954915434,2014-10-04T21:44:52.843Z,Ayto.Sevilla,2014-10-04T21:44:52.843Z,Ayto.Sevilla, ,http://sig.urbanismosevilla.org/sevilla.art/images/C_Servicios_Sociales/CSS_SanJeronimo.jpg,"El contenido de los Servicios Sociales comprende aquellos recursos, actividades y prestaciones organizadas para la promoción del desarrollo de las personas y grupos sociales para la obtención de mayor bienestar social y una mejor calidad de vida,",así como para la prevención y eliminación de la marginación social.,0d28949a-b5b5-4cb0-947b-4fe67e64423e,-665874.232103585,4499299.02331062
8,9,6584,Centro de Servicios Sociales,CSS Los Carteros Sede-2,37.413096,-5.970038,"Avda. Pino Montano, 63",954975013,2014-10-04T21:44:52.843Z,Ayto.Sevilla,2014-10-04T21:44:52.843Z,Ayto.Sevilla, ,http://sig.urbanismosevilla.org/sevilla.art/images/C_Servicios_Sociales/CSS_LosCarteros2.jpg,"El contenido de los Servicios Sociales comprende aquellos recursos, actividades y prestaciones organizadas para la promoción del desarrollo de las personas y grupos sociales para la obtención de mayor bienestar social y una mejor calidad de vida,",así como para la prevención y eliminación de la marginación social.,720c8a91-63ef-4b5d-be9f-0d89353637ed,-664581.590176493,4496844.53131986
9,8,6583,Centro de Servicios Sociales,CSS Los Carteros Sede-1,37.413793,-5.969384,"Avda. Pino Montano, 67",954975013,2014-10-04T21:44:52.843Z,Ayto.Sevilla,2014-10-04T21:44:52.843Z,Ayto.Sevilla, ,http://sig.urbanismosevilla.org/sevilla.art/images/C_Servicios_Sociales/CSS_LosCarteros1.jpg,"El contenido de los Servicios Sociales comprende aquellos recursos, actividades y prestaciones organizadas para la promoción del desarrollo de las personas y grupos sociales para la obtención de mayor bienestar social y una mejor calidad de vida,",así como para la prevención y eliminación de la marginación social.,810b680a-8200-4fc1-9d99-1d70770c3f8b,-664508.787229515,4496942.21785233
10,10,6585,Centro de Servicios Sociales,CSS Polígono Norte,37.405095,-5.985979,"C/ Fray Isidoro de Sevilla, 1",955472222,2014-10-04T21:44:52.843Z,Ayto.Sevilla,2014-10-04T21:44:52.843Z,Ayto.Sevilla, ,http://sig.urbanismosevilla.org/sevilla.art/images/C_Servicios_Sociales/CSS_Macarena.jpg,"El contenido de los Servicios Sociales comprende aquellos recursos, actividades y prestaciones organizadas para la promoción del desarrollo de las personas y grupos sociales para la obtención de mayor bienestar social y una mejor calidad de vida,",así como para la prevención y eliminación de la marginación social.,c3271ef9-1afc-459b-984f-8a97d29469c2,-666356.134179229,4495723.23351173
11,14,6589,Centro de Servicios Sociales,Servicio de Zonas de Especial Actuación,37.404773,-5.985749,"C/ Fray Isidoro de Sevilla, 1",955472166,2014-10-04T21:44:52.843Z,Ayto.Sevilla,2014-10-04T21:44:52.843Z,Ayto.Sevilla, ,http://sig.urbanismosevilla.org/sevilla.art/images/C_Servicios_Sociales/CSS_Macarena.JPG,"El contenido de los Servicios Sociales comprende aquellos recursos, actividades y prestaciones organizadas para la promoción del desarrollo de las personas y grupos sociales para la obtención de mayor bienestar social y una mejor calidad de vida,",así como para la prevención y eliminación de la marginación social.,eb030a8c-f923-4495-9e4d-d115b7c10ce3,-666330.530696347,4495678.10942236
12,12,6587,Centro de Servicios Sociales,CSS Nervión,37.379778,-5.968561,"C/ Marqués de Nervión, 75",955472770,2014-10-04T21:44:52.843Z,Ayto.Sevilla,2014-10-04T21:44:52.843Z,Ayto.Sevilla, ,http://sig.urbanismosevilla.org/sevilla.art/images/C_Servicios_Sociales/CSS_Nervion.JPG,"El contenido de los Servicios Sociales comprende aquellos recursos, actividades y prestaciones organizadas para la promoción del desarrollo de las personas y grupos sociales para la obtención de mayor bienestar social y una mejor calidad de vida,",así como para la prevención y eliminación de la marginación social.,812e8941-1b25-412b-a46f-3025c34a44f0,-664417.171288592,4492175.97854385
13,11,6586,Centro de Servicios Sociales,CSS San Pablo-Santa Justa,37.398419,-5.958693,"Avda. Pedro Romero, s/n",955473100,2014-10-04T21:44:52.843Z,Ayto.Sevilla,2014-10-04T21:44:52.843Z,Ayto.Sevilla, ,http://sig.urbanismosevilla.org/sevilla.art/images/C_Servicios_Sociales/CSS_SanPabloSantaJusta.jpg,"El contenido de los Servicios Sociales comprende aquellos recursos, actividades y prestaciones organizadas para la promoción del desarrollo de las personas y grupos sociales para la obtención de mayor bienestar social y una mejor calidad de vida,",así como para la prevención y eliminación de la marginación social.,27b89de7-abea-4ee9-9477-8777ef9d46b1,-663318.670553444,4494787.71907512
14,16,6591,Centro de Servicios Sociales,CSS Tres Barrios-Amate,37.384389,-5.95579,"Plaza Doctor Andreu Urra, s/n",955471460,2014-10-04T21:44:52.843Z,Ayto.Sevilla,2014-10-04T21:44:52.843Z,Ayto.Sevilla, ,http://sig.urbanismosevilla.org/sevilla.art/images/C_Servicios_Sociales/CSS_TresBarriosAmate.JPG,"El contenido de los Servicios Sociales comprende aquellos recursos, actividades y prestaciones organizadas para la promoción del desarrollo de las personas y grupos sociales para la obtención de mayor bienestar social y una mejor calidad de vida,",así como para la prevención y eliminación de la marginación social.,a9a46748-26c2-49b0-9a18-7881fe6dde87,-662995.510071671,4492821.95294539
15,13,6588,Centro de Servicios Sociales,CSS Bermejales,37.349813,-5.97755,"Avda. Reino Unido, 6",955472651,2014-10-04T21:44:52.843Z,Ayto.Sevilla,2014-10-04T21:44:52.843Z,Ayto.Sevilla, ,http://sig.urbanismosevilla.org/sevilla.art/images/C_Servicios_Sociales/CSS_Bermejales.jpg,"El contenido de los Servicios Sociales comprende aquellos recursos, actividades y prestaciones organizadas para la promoción del desarrollo de las personas y grupos sociales para la obtención de mayor bienestar social y una mejor calidad de vida,",así como para la prevención y eliminación de la marginación social.,17d5927c-d53f-46d0-9a57-b8569eba3004,-665417.822191332,4487979.02283042
16,18,6593,Centro de Servicios Sociales,Población Chabolista,37.404423,-5.985575,"C/ Fray Isidoro de Sevilla, 1",955472166,2014-10-04T21:44:52.843Z,Ayto.Sevilla,2014-10-04T21:44:52.843Z,Ayto.Sevilla, ,http://sig.urbanismosevilla.org/sevilla.art/images/C_Servicios_Sociales/CSS_Macarena.JPG,"El contenido de los Servicios Sociales comprende aquellos recursos, actividades y prestaciones organizadas para la promoción del desarrollo de las personas y grupos sociales para la obtención de mayor bienestar social y una mejor calidad de vida,",así como para la prevención y eliminación de la marginación social.,dd8b8213-c4f5-4fa9-9150-c30a275d19cb,-666311.161104948,4495629.06171908
17,17,6592,Centro de Servicios Sociales,Personas en Situación de Exclusión Social y sin Hogar,37.406003,-5.990641,"C/ Perafán de Rivera, s/n",955474430,2014-10-04T21:44:52.843Z,Ayto.Sevilla,2014-10-04T21:44:52.843Z,Ayto.Sevilla, ,http://sig.urbanismosevilla.org/sevilla.art/images/C_Servicios_Sociales/CSS_ExclusionSocial.JPG,"El contenido de los Servicios Sociales comprende aquellos recursos, actividades y prestaciones organizadas para la promoción del desarrollo de las personas y grupos sociales para la obtención de mayor bienestar social y una mejor calidad de vida,",así como para la prevención y eliminación de la marginación social.,704f2cd9-170e-4797-ab5a-156e4fe5038c,-666875.105645307,4495850.47888273
18,15,6590,Centro de Servicios Sociales,CSS Polígono Sur,37.365142,-5.964613,"Avda. de la Paz, s/n",955473460,2014-10-04T21:44:52.843Z,Ayto.Sevilla,2014-10-04T21:44:52.843Z,Ayto.Sevilla, ,http://sig.urbanismosevilla.org/sevilla.art/images/C_Servicios_Sociales/CSS_PoligonoSur.jpg,"El contenido de los Servicios Sociales comprende aquellos recursos, actividades y prestaciones organizadas para la promoción del desarrollo de las personas y grupos sociales para la obtención de mayor bienestar social y una mejor calidad de vida,",así como para la prevención y eliminación de la marginación social.,f6b91079-cc1b-47f8-838b-564019e29e08,-663977.68193894,4490125.82275208
19,19,4555,Centro de Servicios Sociales,CSS Casco Antigüo,37.399468,-5.990699,"C/ Arrayán, 1",955472170,2014-10-04T21:44:52.843Z,Ayto.Sevilla,2014-10-04T21:44:52.843Z,Ayto.Sevilla, ,http://sig.urbanismosevilla.org/sevilla.art/images/C_Servicios_Sociales/CSS_Casco_Antiguo.JPG,"El contenido de los Servicios Sociales comprende aquellos recursos, actividades y prestaciones organizadas para la promoción del desarrollo de las personas y grupos sociales para la obtención de mayor bienestar social y una mejor calidad de vida,",así como para la prevención y eliminación de la marginación social.,a613445b-ba17-4aee-bcf3-6b3a37ab1ba4,-666881.562175773,4494934.71095642
20,,,,,,,,,,,,,,,,,d7906e1a-af47-4cbb-b187-5f2f0f947e1a,-667510.910755835,4494407.79406058
