PLATFORM_CODE,DATE (YYYY-MM-DDTHH:MI:SSZ),DATE_QC,LATITUDE (degree_north),LONGITUDE (degree_east),POSITION_QC,PRES (decibar),PRES_QC,PSAL (psu),PSAL_QC,TEMP (degree_Celsius),TEMP_QC,PRES_ADJUSTED (decibar),PRES_ADJUSTED_QC,TEMP_ADJUSTED (degree_Celsius),TEMP_ADJUSTED_QC,PSAL_ADJUSTED (psu),PSAL_ADJUSTED_QC
7900696,2025-09-09T04:40:59Z,1,-62.3469,119.70533,8,10.7,1,34.172,1,-1.844,1,10.7,1,-1.844,1,34.172,1
7900696,2025-09-09T04:40:59Z,1,-62.3469,119.70533,8,11.5,1,34.172,1,-1.844,1,11.5,1,-1.844,1,34.172,1
7900696,2025-09-09T04:40:59Z,1,-62.3469,119.70533,8,12.5,1,34.172,1,-1.845,1,12.5,1,-1.845,1,34.172,1
7900696,2025-09-09T04:40:59Z,1,-62.3469,119.70533,8,13.5,1,34.172,1,-1.845,1,13.5,1,-1.845,1,34.172,1
7900696,2025-09-09T04:40:59Z,1,-62.3469,119.70533,8,14.4,1,34.172,1,-1.845,1,14.4,1,-1.845,1,34.172,1
7900696,2025-09-09T04:40:59Z,1,-62.3469,119.70533,8,15.5,1,34.172,1,-1.845,1,15.5,1,-1.845,1,34.172,1
7900696,2025-09-09T04:40:59Z,1,-62.3469,119.70533,8,16.4,1,34.172,1,-1.845,1,16.4,1,-1.845,1,34.172,1
7900696,2025-09-09T04:40:59Z,1,-62.3469,119.70533,8,17.5,1,34.173,1,-1.845,1,17.5,1,-1.845,1,34.173,1
7900696,2025-09-09T04:40:59Z,1,-62.3469,119.70533,8,18.4,1,34.173,1,-1.845,1,18.4,1,-1.845,1,34.173,1
7900696,2025-09-09T04:40:59Z,1,-62.3469,119.70533,8,19.4,1,34.172,1,-1.845,1,19.4,1,-1.845,1,34.172,1
7900696,2025-09-09T04:40:59Z,1,-62.3469,119.70533,8,20.4,1,34.172,1,-1.845,1,20.4,1,-1.845,1,34.172,1
7900696,2025-09-09T04:40:59Z,1,-62.3469,119.70533,8,21.4,1,34.172,1,-1.845,1,21.4,1,-1.845,1,34.172,1
7900696,2025-09-09T04:40:59Z,1,-62.3469,119.70533,8,22.4,1,34.173,1,-1.845,1,22.4,1,-1.845,1,34.173,1
7900696,2025-09-09T04:40:59Z,1,-62.3469,119.70533,8,23.5,1,34.172,1,-1.845,1,23.5,1,-1.845,1,34.172,1
7900696,2025-09-09T04:40:59Z,1,-62.3469,119.70533,8,24.4,1,34.172,1,-1.845,1,24.4,1,-1.845,1,34.172,1
7900696,2025-09-09T04:40:59Z,1,-62.3469,119.70533,8,25.4,1,34.172,1,-1.845,1,25.4,1,-1.845,1,34.172,1
7900696,2025-09-09T04:40:59Z,1,-62.3469,119.70533,8,26.5,1,34.172,1,-1.845,1,26.5,1,-1.845,1,34.172,1
7900696,2025-09-09T04:40:59Z,1,-62.3469,119.70533,8,27.5,1,34.173,1,-1.845,1,27.5,1,-1.845,1,34.173,1
7900696,2025-09-09T04:40:59Z,1,-62.3469,119.70533,8,28.4,1,34.173,1,-1.845,1,28.4,1,-1.845,1,34.173,1
7900696,2025-09-09T04:40:59Z,1,-62.3469,119.70533,8,29.4,1,34.173,1,-1.845,1,29.4,1,-1.845,1,34.173,1
7900696,2025-09-09T04:40:59Z,1,-62.3469,119.70533,8,30.4,1,34.172,1,-1.845,1,30.4,1,-1.845,1,34.172,1
7900696,2025-09-09T04:40:59Z,1,-62.3469,119.70533,8,31.4,1,34.172,1,-1.845,1,31.4,1,-1.845,1,34.172,1
7900696,2025-09-09T04:40:59Z,1,-62.3469,119.70533,8,32.5,1,34.173,1,-1.845,1,32.5,1,-1.845,1,34.173,1
7900696,2025-09-09T04:40:59Z,1,-62.3469,119.70533,8,33.4,1,34.173,1,-1.845,1,33.4,1,-1.845,1,34.173,1
7900696,2025-09-09T04:40:59Z,1,-62.3469,119.70533,8,34.4,1,34.173,1,-1.845,1,34.4,1,-1.845,1,34.173,1
7900696,2025-09-09T04:40:59Z,1,-62.3469,119.70533,8,35.5,1,34.172,1,-1.845,1,35.5,1,-1.845,1,34.172,1
7900696,2025-09-09T04:40:59Z,1,-62.3469,119.70533,8,36.4,1,34.172,1,-1.844,1,36.4,1,-1.844,1,34.172,1
7900696,2025-09-09T04:40:59Z,1,-62.3469,119.70533,8,37.5,1,34.172,1,-1.844,1,37.5,1,-1.844,1,34.172,1
7900696,2025-09-09T04:40:59Z,1,-62.3469,119.70533,8,38.4,1,34.172,1,-1.844,1,38.4,1,-1.844,1,34.172,1
7900696,2025-09-09T04:40:59Z,1,-62.3469,119.70533,8,39.4,1,34.173,1,-1.844,1,39.4,1,-1.844,1,34.173,1
7900696,2025-09-09T04:40:59Z,1,-62.3469,119.70533,8,40.4,1,34.172,1,-1.844,1,40.4,1,-1.844,1,34.172,1
7900696,2025-09-09T04:40:59Z,1,-62.3469,119.70533,8,41.4,1,34.172,1,-1.844,1,41.4,1,-1.844,1,34.172,1
7900696,2025-09-09T04:40:59Z,1,-62.3469,119.70533,8,42.4,1,34.173,1,-1.844,1,42.4,1,-1.844,1,34.173,1
7900696,2025-09-09T04:40:59Z,1,-62.3469,119.70533,8,43.5,1,34.172,1,-1.844,1,43.5,1,-1.844,1,34.172,1
7900696,2025-09-09T04:40:59Z,1,-62.3469,119.70533,8,44.4,1,34.172,1,-1.844,1,44.4,1,-1.844,1,34.172,1
7900696,2025-09-09T04:40:59Z,1,-62.3469,119.70533,8,45.5,1,34.172,1,-1.844,1,45.5,1,-1.844,1,34.172,1
7900696,2025-09-09T04:40:59Z,1,-62.3469,119.70533,8,46.4,1,34.172,1,-1.844,1,46.4,1,-1.844,1,34.172,1
7900696,2025-09-09T04:40:59Z,1,-62.3469,119.70533,8,47.5,1,34.173,1,-1.844,1,47.5,1,-1.844,1,34.173,1
7900696,2025-09-09T04:40:59Z,1,-62.3469,119.70533,8,48.5,1,34.173,1,-1.844,1,48.5,1,-1.844,1,34.173,1
7900696,2025-09-09T04:40:59Z,1,-62.3469,119.70533,8,49.5,1,34.173,1,-1.844,1,49.5,1,-1.844,1,34.173,1
7900696,2025-09-09T04:40:59Z,1,-62.3469,119.70533,8,50.5,1,34.173,1,-1.845,1,50.5,1,-1.845,1,34.173,1
7900696,2025-09-09T04:40:59Z,1,-62.3469,119.70533,8,51.5,1,34.173,1,-1.845,1,51.5,1,-1.845,1,34.173,1
7900696,2025-09-09T04:40:59Z,1,-62.3469,119.70533,8,52.4,1,34.173,1,-1.845,1,52.4,1,-1.845,1,34.173,1
7900696,2025-09-09T04:40:59Z,1,-62.3469,119.70533,8,53.4,1,34.173,1,-1.845,1,53.4,1,-1.845,1,34.173,1
7900696,2025-09-09T04:40:59Z,1,-62.3469,119.70533,8,54.4,1,34.173,1,-1.845,1,54.4,1,-1.845,1,34.173,1
7900696,2025-09-09T04:40:59Z,1,-62.3469,119.70533,8,55.5,1,34.173,1,-1.843,1,55.5,1,-1.843,1,34.173,1
7900696,2025-09-09T04:40:59Z,1,-62.3469,119.70533,8,56.4,1,34.173,1,-1.843,1,56.4,1,-1.843,1,34.173,1
7900696,2025-09-09T04:40:59Z,1,-62.3469,119.70533,8,57.4,1,34.173,1,-1.843,1,57.4,1,-1.843,1,34.173,1
7900696,2025-09-09T04:40:59Z,1,-62.3469,119.70533,8,58.5,1,34.172,1,-1.842,1,58.5,1,-1.842,1,34.172,1
7900696,2025-09-09T04:40:59Z,1,-62.3469,119.70533,8,59.4,1,34.173,1,-1.841,1,59.4,1,-1.841,1,34.173,1
7900696,2025-09-09T04:40:59Z,1,-62.3469,119.70533,8,60.5,1,34.173,1,-1.841,1,60.5,1,-1.841,1,34.173,1
7900696,2025-09-09T04:40:59Z,1,-62.3469,119.70533,8,61.5,1,34.173,1,-1.841,1,61.5,1,-1.841,1,34.173,1
7900696,2025-09-09T04:40:59Z,1,-62.3469,119.70533,8,62.4,1,34.173,1,-1.84,1,62.4,1,-1.84,1,34.173,1
7900696,2025-09-09T04:40:59Z,1,-62.3469,119.70533,8,63.4,1,34.173,1,-1.84,1,63.4,1,-1.84,1,34.173,1
7900696,2025-09-09T04:40:59Z,1,-62.3469,119.70533,8,64.4,1,34.173,1,-1.84,1,64.4,1,-1.84,1,34.173,1
7900696,2025-09-09T04:40:59Z,1,-62.3469,119.70533,8,65.5,1,34.173,1,-1.839,1,65.5,1,-1.839,1,34.173,1
7900696,2025-09-09T04:40:59Z,1,-62.3469,119.70533,8,66.5,1,34.173,1,-1.839,1,66.5,1,-1.839,1,34.173,1
7900696,2025-09-09T04:40:59Z,1,-62.3469,119.70533,8,67.5,1,34.173,1,-1.841,1,67.5,1,-1.841,1,34.173,1
7900696,2025-09-09T04:40:59Z,1,-62.3469,119.70533,8,68.4,1,34.173,1,-1.841,1,68.4,1,-1.841,1,34.173,1
7900696,2025-09-09T04:40:59Z,1,-62.3469,119.70533,8,69.5,1,34.173,1,-1.841,1,69.5,1,-1.841,1,34.173,1
7900696,2025-09-09T04:40:59Z,1,-62.3469,119.70533,8,70.5,1,34.173,1,-1.843,1,70.5,1,-1.843,1,34.173,1
7900696,2025-09-09T04:40:59Z,1,-62.3469,119.70533,8,71.4,1,34.173,1,-1.842,1,71.4,1,-1.842,1,34.173,1
7900696,2025-09-09T04:40:59Z,1,-62.3469,119.70533,8,72.4,1,34.173,1,-1.841,1,72.4,1,-1.841,1,34.173,1
7900696,2025-09-09T04:40:59Z,1,-62.3469,119.70533,8,73.4,1,34.173,1,-1.84,1,73.4,1,-1.84,1,34.173,1
7900696,2025-09-09T04:40:59Z,1,-62.3469,119.70533,8,74.5,1,34.173,1,-1.84,1,74.5,1,-1.84,1,34.173,1
7900696,2025-09-09T04:40:59Z,1,-62.3469,119.70533,8,75.4,1,34.174,1,-1.839,1,75.4,1,-1.839,1,34.174,1
7900696,2025-09-09T04:40:59Z,1,-62.3469,119.70533,8,76.4,1,34.173,1,-1.832,1,76.4,1,-1.832,1,34.173,1
7900696,2025-09-09T04:40:59Z,1,-62.3469,119.70533,8,77.5,1,34.175,1,-1.831,1,77.5,1,-1.831,1,34.175,1
7900696,2025-09-09T04:40:59Z,1,-62.3469,119.70533,8,78.5,1,34.175,1,-1.83,1,78.5,1,-1.83,1,34.175,1
7900696,2025-09-09T04:40:59Z,1,-62.3469,119.70533,8,79.5,1,34.175,1,-1.829,1,79.5,1,-1.829,1,34.175,1
7900696,2025-09-09T04:40:59Z,1,-62.3469,119.70533,8,80.5,1,34.176,1,-1.828,1,80.5,1,-1.828,1,34.176,1
7900696,2025-09-09T04:40:59Z,1,-62.3469,119.70533,8,81.5,1,34.176,1,-1.827,1,81.5,1,-1.827,1,34.176,1
7900696,2025-09-09T04:40:59Z,1,-62.3469,119.70533,8,82.5,1,34.178,1,-1.817,1,82.5,1,-1.817,1,34.178,1
7900696,2025-09-09T04:40:59Z,1,-62.3469,119.70533,8,83.4,1,34.178,1,-1.816,1,83.4,1,-1.816,1,34.178,1
7900696,2025-09-09T04:40:59Z,1,-62.3469,119.70533,8,84.4,1,34.179,1,-1.81,1,84.4,1,-1.81,1,34.179,1
7900696,2025-09-09T04:40:59Z,1,-62.3469,119.70533,8,85.5,1,34.179,1,-1.806,1,85.5,1,-1.806,1,34.179,1
7900696,2025-09-09T04:40:59Z,1,-62.3469,119.70533,8,86.5,1,34.181,1,-1.797,1,86.5,1,-1.797,1,34.181,1
7900696,2025-09-09T04:40:59Z,1,-62.3469,119.70533,8,87.4,1,34.182,1,-1.791,1,87.4,1,-1.791,1,34.182,1
7900696,2025-09-09T04:40:59Z,1,-62.3469,119.70533,8,88.4,1,34.182,1,-1.783,1,88.4,1,-1.783,1,34.182,1
7900696,2025-09-09T04:40:59Z,1,-62.3469,119.70533,8,89.5,1,34.188,1,-1.757,1,89.5,1,-1.757,1,34.188,1
7900696,2025-09-09T04:40:59Z,1,-62.3469,119.70533,8,90.4,1,34.188,1,-1.744,1,90.4,1,-1.744,1,34.188,1
7900696,2025-09-09T04:40:59Z,1,-62.3469,119.70533,8,91.4,1,34.194,1,-1.736,1,91.4,1,-1.736,1,34.194,1
7900696,2025-09-09T04:40:59Z,1,-62.3469,119.70533,8,92.4,1,34.196,1,-1.675,1,92.4,1,-1.675,1,34.196,1
7900696,2025-09-09T04:40:59Z,1,-62.3469,119.70533,8,93.4,1,34.206,1,-1.598,1,93.4,1,-1.598,1,34.206,1
7900696,2025-09-09T04:40:59Z,1,-62.3469,119.70533,8,94.4,1,34.219,1,-1.553,1,94.4,1,-1.553,1,34.219,1
7900696,2025-09-09T04:40:59Z,1,-62.3469,119.70533,8,95.5,1,34.226,1,-1.426,1,95.5,1,-1.426,1,34.226,1
7900696,2025-09-09T04:40:59Z,1,-62.3469,119.70533,8,96.4,1,34.241,1,-1.332,1,96.4,1,-1.332,1,34.241,1
7900696,2025-09-09T04:40:59Z,1,-62.3469,119.70533,8,97.4,1,34.252,1,-1.299,1,97.4,1,-1.299,1,34.252,1
7900696,2025-09-09T04:40:59Z,1,-62.3469,119.70533,8,98.4,1,34.254,1,-1.277,1,98.4,1,-1.277,1,34.254,1
7900696,2025-09-09T04:40:59Z,1,-62.3469,119.70533,8,99.4,1,34.264,1,-1.225,1,99.4,1,-1.225,1,34.264,1
7900696,2025-09-09T04:40:59Z,1,-62.3469,119.70533,8,100.5,1,34.273,1,-1.09,1,100.5,1,-1.09,1,34.273,1
7900696,2025-09-09T04:40:59Z,1,-62.3469,119.70533,8,101.4,1,34.288,1,-0.919,1,101.4,1,-0.919,1,34.288,1
7900696,2025-09-09T04:40:59Z,1,-62.3469,119.70533,8,102.5,1,34.303,1,-0.801,1,102.5,1,-0.801,1,34.303,1
7900696,2025-09-09T04:40:59Z,1,-62.3469,119.70533,8,103.5,1,34.302,1,-0.575,1,103.5,1,-0.575,1,34.302,1
7900696,2025-09-09T04:40:59Z,1,-62.3469,119.70533,8,104.5,1,34.358,1,-0.464,1,104.5,1,-0.464,1,34.358,1
7900696,2025-09-09T04:40:59Z,1,-62.3469,119.70533,8,105.4,1,34.361,1,-0.445,1,105.4,1,-0.445,1,34.361,1
7900696,2025-09-09T04:40:59Z,1,-62.3469,119.70533,8,106.4,1,34.367,1,-0.379,1,106.4,1,-0.379,1,34.367,1
7900696,2025-09-09T04:40:59Z,1,-62.3469,119.70533,8,107.5,1,34.375,1,-0.334,1,107.5,1,-0.334,1,34.375,1
7900696,2025-09-09T04:40:59Z,1,-62.3469,119.70533,8,108.5,1,34.379,1,-0.247,1,108.5,1,-0.247,1,34.379,1
7900696,2025-09-09T04:40:59Z,1,-62.3469,119.70533,8,109.4,1,34.394,1,-0.157,1,109.4,1,-0.157,1,34.394,1
7900696,2025-09-09T04:40:59Z,1,-62.3469,119.70533,8,110.4,1,34.4,1,-0.138,1,110.4,1,-0.138,1,34.4,1
7900696,2025-09-09T04:40:59Z,1,-62.3469,119.70533,8,111.4,1,34.401,1,-0.069,1,111.4,1,-0.069,1,34.401,1
7900696,2025-09-09T04:40:59Z,1,-62.3469,119.70533,8,112.4,1,34.419,1,0.037,1,112.4,1,0.037,1,34.419,1
7900696,2025-09-09T04:40:59Z,1,-62.3469,119.70533,8,113.4,1,34.427,1,0.071,1,113.4,1,0.071,1,34.427,1
7900696,2025-09-09T04:40:59Z,1,-62.3469,119.70533,8,114.4,1,34.429,1,0.152,1,114.4,1,0.152,1,34.429,1
7900696,2025-09-09T04:40:59Z,1,-62.3469,119.70533,8,115.4,1,34.439,1,0.186,1,115.4,1,0.186,1,34.439,1
7900696,2025-09-09T04:40:59Z,1,-62.3469,119.70533,8,116.4,1,34.443,1,0.198,1,116.4,1,0.198,1,34.443,1
7900696,2025-09-09T04:40:59Z,1,-62.3469,119.70533,8,117.4,1,34.444,1,0.192,1,117.4,1,0.192,1,34.444,1
7900696,2025-09-09T04:40:59Z,1,-62.3469,119.70533,8,118.4,1,34.446,1,0.191,1,118.4,1,0.191,1,34.446,1
7900696,2025-09-09T04:40:59Z,1,-62.3469,119.70533,8,119.4,1,34.449,1,0.204,1,119.4,1,0.204,1,34.449,1
7900696,2025-09-09T04:40:59Z,1,-62.3469,119.70533,8,120.4,1,34.463,1,0.255,1,120.4,1,0.255,1,34.463,1
7900696,2025-09-09T04:40:59Z,1,-62.3469,119.70533,8,121.5,1,34.466,1,0.383,1,121.5,1,0.383,1,34.466,1
7900696,2025-09-09T04:40:59Z,1,-62.3469,119.70533,8,122.5,1,34.493,1,0.571,1,122.5,1,0.571,1,34.493,1
7900696,2025-09-09T04:40:59Z,1,-62.3469,119.70533,8,123.4,1,34.502,1,0.689,1,123.4,1,0.689,1,34.502,1
7900696,2025-09-09T04:40:59Z,1,-62.3469,119.70533,8,124.4,1,34.518,1,0.741,1,124.4,1,0.741,1,34.518,1
7900696,2025-09-09T04:40:59Z,1,-62.3469,119.70533,8,125.4,1,34.521,1,0.77,1,125.4,1,0.77,1,34.521,1
7900696,2025-09-09T04:40:59Z,1,-62.3469,119.70533,8,126.5,1,34.526,1,0.784,1,126.5,1,0.784,1,34.526,1
7900696,2025-09-09T04:40:59Z,1,-62.3469,119.70533,8,127.5,1,34.527,1,0.803,1,127.5,1,0.803,1,34.527,1
7900696,2025-09-09T04:40:59Z,1,-62.3469,119.70533,8,128.4,1,34.531,1,0.825,1,128.4,1,0.825,1,34.531,1
7900696,2025-09-09T04:40:59Z,1,-62.3469,119.70533,8,129.4,1,34.538,1,0.884,1,129.4,1,0.884,1,34.538,1
7900696,2025-09-09T04:40:59Z,1,-62.3469,119.70533,8,130.4,1,34.541,1,0.906,1,130.4,1,0.906,1,34.541,1
7900696,2025-09-09T04:40:59Z,1,-62.3469,119.70533,8,131.4,1,34.545,1,0.915,1,131.4,1,0.915,1,34.545,1
7900696,2025-09-09T04:40:59Z,1,-62.3469,119.70533,8,132.4,1,34.547,1,0.927,1,132.4,1,0.927,1,34.547,1
7900696,2025-09-09T04:40:59Z,1,-62.3469,119.70533,8,133.5,1,34.552,1,1.004,1,133.5,1,1.004,1,34.552,1
7900696,2025-09-09T04:40:59Z,1,-62.3469,119.70533,8,134.5,1,34.56,1,1.043,1,134.5,1,1.043,1,34.56,1
7900696,2025-09-09T04:40:59Z,1,-62.3469,119.70533,8,135.5,1,34.565,1,1.073,1,135.5,1,1.073,1,34.565,1
7900696,2025-09-09T04:40:59Z,1,-62.3469,119.70533,8,136.5,1,34.567,1,1.107,1,136.5,1,1.107,1,34.567,1
7900696,2025-09-09T04:40:59Z,1,-62.3469,119.70533,8,137.4,1,34.569,1,1.139,1,137.4,1,1.139,1,34.569,1
7900696,2025-09-09T04:40:59Z,1,-62.3469,119.70533,8,138.4,1,34.575,1,1.151,1,138.4,1,1.151,1,34.575,1
7900696,2025-09-09T04:40:59Z,1,-62.3469,119.70533,8,139.4,1,34.576,1,1.158,1,139.4,1,1.158,1,34.576,1
7900696,2025-09-09T04:40:59Z,1,-62.3469,119.70533,8,140.4,1,34.577,1,1.168,1,140.4,1,1.168,1,34.577,1
7900696,2025-09-09T04:40:59Z,1,-62.3469,119.70533,8,141.5,1,34.58,1,1.186,1,141.5,1,1.186,1,34.58,1
7900696,2025-09-09T04:40:59Z,1,-62.3469,119.70533,8,142.5,1,34.582,1,1.199,1,142.5,1,1.199,1,34.582,1
7900696,2025-09-09T04:40:59Z,1,-62.3469,119.70533,8,143.5,1,34.584,1,1.213,1,143.5,1,1.213,1,34.584,1
7900696,2025-09-09T04:40:59Z,1,-62.3469,119.70533,8,144.4,1,34.586,1,1.227,1,144.4,1,1.227,1,34.586,1
7900696,2025-09-09T04:40:59Z,1,-62.3469,119.70533,8,145.4,1,34.589,1,1.232,1,145.4,1,1.232,1,34.589,1
7900696,2025-09-09T04:40:59Z,1,-62.3469,119.70533,8,146.5,1,34.591,1,1.256,1,146.5,1,1.256,1,34.591,1
7900696,2025-09-09T04:40:59Z,1,-62.3469,119.70533,8,147.5,1,34.593,1,1.268,1,147.5,1,1.268,1,34.593,1
7900696,2025-09-09T04:40:59Z,1,-62.3469,119.70533,8,148.4,1,34.594,1,1.277,1,148.4,1,1.277,1,34.594,1
7900696,2025-09-09T04:40:59Z,1,-62.3469,119.70533,8,149.4,1,34.598,1,1.299,1,149.4,1,1.299,1,34.598,1
7900696,2025-09-09T04:40:59Z,1,-62.3469,119.70533,8,150.4,1,34.599,1,1.306,1,150.4,1,1.306,1,34.599,1
7900696,2025-09-09T04:40:59Z,1,-62.3469,119.70533,8,151.4,1,34.601,1,1.31,1,151.4,1,1.31,1,34.601,1
7900696,2025-09-09T04:40:59Z,1,-62.3469,119.70533,8,152.4,1,34.601,1,1.311,1,152.4,1,1.311,1,34.601,1
7900696,2025-09-09T04:40:59Z,1,-62.3469,119.70533,8,153.4,1,34.602,1,1.313,1,153.4,1,1.313,1,34.602,1
7900696,2025-09-09T04:40:59Z,1,-62.3469,119.70533,8,154.4,1,34.602,1,1.315,1,154.4,1,1.315,1,34.602,1
7900696,2025-09-09T04:40:59Z,1,-62.3469,119.70533,8,155.5,1,34.603,1,1.315,1,155.5,1,1.315,1,34.603,1
7900696,2025-09-09T04:40:59Z,1,-62.3469,119.70533,8,156.5,1,34.603,1,1.313,1,156.5,1,1.313,1,34.603,1
7900696,2025-09-09T04:40:59Z,1,-62.3469,119.70533,8,157.5,1,34.603,1,1.314,1,157.5,1,1.314,1,34.603,1
7900696,2025-09-09T04:40:59Z,1,-62.3469,119.70533,8,158.5,1,34.604,1,1.316,1,158.5,1,1.316,1,34.604,1
7900696,2025-09-09T04:40:59Z,1,-62.3469,119.70533,8,159.4,1,34.604,1,1.317,1,159.4,1,1.317,1,34.604,1
7900696,2025-09-09T04:40:59Z,1,-62.3469,119.70533,8,160.5,1,34.605,1,1.318,1,160.5,1,1.318,1,34.605,1
7900696,2025-09-09T04:40:59Z,1,-62.3469,119.70533,8,161.4,1,34.606,1,1.319,1,161.4,1,1.319,1,34.606,1
7900696,2025-09-09T04:40:59Z,1,-62.3469,119.70533,8,162.4,1,34.606,1,1.319,1,162.4,1,1.319,1,34.606,1
7900696,2025-09-09T04:40:59Z,1,-62.3469,119.70533,8,163.5,1,34.607,1,1.32,1,163.5,1,1.32,1,34.607,1
7900696,2025-09-09T04:40:59Z,1,-62.3469,119.70533,8,164.5,1,34.607,1,1.319,1,164.5,1,1.319,1,34.607,1
7900696,2025-09-09T04:40:59Z,1,-62.3469,119.70533,8,165.4,1,34.607,1,1.319,1,165.4,1,1.319,1,34.607,1
7900696,2025-09-09T04:40:59Z,1,-62.3469,119.70533,8,166.4,1,34.607,1,1.318,1,166.4,1,1.318,1,34.607,1
7900696,2025-09-09T04:40:59Z,1,-62.3469,119.70533,8,167.4,1,34.607,1,1.318,1,167.4,1,1.318,1,34.607,1
7900696,2025-09-09T04:40:59Z,1,-62.3469,119.70533,8,168.4,1,34.607,1,1.319,1,168.4,1,1.319,1,34.607,1
7900696,2025-09-09T04:40:59Z,1,-62.3469,119.70533,8,169.4,1,34.608,1,1.321,1,169.4,1,1.321,1,34.608,1
7900696,2025-09-09T04:40:59Z,1,-62.3469,119.70533,8,170.4,1,34.608,1,1.326,1,170.4,1,1.326,1,34.608,1
7900696,2025-09-09T04:40:59Z,1,-62.3469,119.70533,8,171.4,1,34.609,1,1.329,1,171.4,1,1.329,1,34.609,1
7900696,2025-09-09T04:40:59Z,1,-62.3469,119.70533,8,172.4,1,34.609,1,1.33,1,172.4,1,1.33,1,34.609,1
7900696,2025-09-09T04:40:59Z,1,-62.3469,119.70533,8,173.4,1,34.611,1,1.335,1,173.4,1,1.335,1,34.611,1
7900696,2025-09-09T04:40:59Z,1,-62.3469,119.70533,8,174.5,1,34.612,1,1.342,1,174.5,1,1.342,1,34.612,1
7900696,2025-09-09T04:40:59Z,1,-62.3469,119.70533,8,175.4,1,34.614,1,1.346,1,175.4,1,1.346,1,34.614,1
7900696,2025-09-09T04:40:59Z,1,-62.3469,119.70533,8,176.5,1,34.615,1,1.349,1,176.5,1,1.349,1,34.615,1
7900696,2025-09-09T04:40:59Z,1,-62.3469,119.70533,8,177.5,1,34.614,1,1.35,1,177.5,1,1.35,1,34.614,1
7900696,2025-09-09T04:40:59Z,1,-62.3469,119.70533,8,178.4,1,34.615,1,1.35,1,178.4,1,1.35,1,34.615,1
7900696,2025-09-09T04:40:59Z,1,-62.3469,119.70533,8,179.4,1,34.613,1,1.351,1,179.4,1,1.351,1,34.613,1
7900696,2025-09-09T04:40:59Z,1,-62.3469,119.70533,8,180.4,1,34.615,1,1.35,1,180.4,1,1.35,1,34.615,1
7900696,2025-09-09T04:40:59Z,1,-62.3469,119.70533,8,181.5,1,34.616,1,1.351,1,181.5,1,1.351,1,34.616,1
7900696,2025-09-09T04:40:59Z,1,-62.3469,119.70533,8,182.4,1,34.615,1,1.351,1,182.4,1,1.351,1,34.615,1
7900696,2025-09-09T04:40:59Z,1,-62.3469,119.70533,8,183.4,1,34.615,1,1.354,1,183.4,1,1.354,1,34.615,1
7900696,2025-09-09T04:40:59Z,1,-62.3469,119.70533,8,184.5,1,34.616,1,1.355,1,184.5,1,1.355,1,34.616,1
7900696,2025-09-09T04:40:59Z,1,-62.3469,119.70533,8,185.5,1,34.616,1,1.357,1,185.5,1,1.357,1,34.616,1
7900696,2025-09-09T04:40:59Z,1,-62.3469,119.70533,8,186.5,1,34.618,1,1.363,1,186.5,1,1.363,1,34.618,1
7900696,2025-09-09T04:40:59Z,1,-62.3469,119.70533,8,187.5,1,34.618,1,1.366,1,187.5,1,1.366,1,34.618,1
7900696,2025-09-09T04:40:59Z,1,-62.3469,119.70533,8,188.5,1,34.619,1,1.371,1,188.5,1,1.371,1,34.619,1
7900696,2025-09-09T04:40:59Z,1,-62.3469,119.70533,8,189.5,1,34.619,1,1.37,1,189.5,1,1.37,1,34.619,1
7900696,2025-09-09T04:40:59Z,1,-62.3469,119.70533,8,190.5,1,34.619,1,1.369,1,190.5,1,1.369,1,34.619,1
7900696,2025-09-09T04:40:59Z,1,-62.3469,119.70533,8,191.5,1,34.619,1,1.369,1,191.5,1,1.369,1,34.619,1
7900696,2025-09-09T04:40:59Z,1,-62.3469,119.70533,8,192.5,1,34.62,1,1.371,1,192.5,1,1.371,1,34.62,1
7900696,2025-09-09T04:40:59Z,1,-62.3469,119.70533,8,193.5,1,34.62,1,1.374,1,193.5,1,1.374,1,34.62,1
7900696,2025-09-09T04:40:59Z,1,-62.3469,119.70533,8,194.4,1,34.622,1,1.382,1,194.4,1,1.382,1,34.622,1
7900696,2025-09-09T04:40:59Z,1,-62.3469,119.70533,8,195.4,1,34.623,1,1.384,1,195.4,1,1.384,1,34.623,1
7900696,2025-09-09T04:40:59Z,1,-62.3469,119.70533,8,196.4,1,34.623,1,1.387,1,196.4,1,1.387,1,34.623,1
7900696,2025-09-09T04:40:59Z,1,-62.3469,119.70533,8,197.4,1,34.624,1,1.39,1,197.4,1,1.39,1,34.624,1
7900696,2025-09-09T04:40:59Z,1,-62.3469,119.70533,8,198.4,1,34.625,1,1.393,1,198.4,1,1.393,1,34.625,1
7900696,2025-09-09T04:40:59Z,1,-62.3469,119.70533,8,199.5,1,34.626,1,1.396,1,199.5,1,1.396,1,34.626,1
7900696,2025-09-09T04:40:59Z,1,-62.3469,119.70533,8,200.5,1,34.627,1,1.402,1,200.5,1,1.402,1,34.627,1
7900696,2025-09-09T04:40:59Z,1,-62.3469,119.70533,8,201.5,1,34.63,1,1.42,1,201.5,1,1.42,1,34.63,1
7900696,2025-09-09T04:40:59Z,1,-62.3469,119.70533,8,202.5,1,34.632,1,1.432,1,202.5,1,1.432,1,34.632,1
7900696,2025-09-09T04:40:59Z,1,-62.3469,119.70533,8,203.5,1,34.634,1,1.449,1,203.5,1,1.449,1,34.634,1
7900696,2025-09-09T04:40:59Z,1,-62.3469,119.70533,8,204.5,1,34.635,1,1.453,1,204.5,1,1.453,1,34.635,1
7900696,2025-09-09T04:40:59Z,1,-62.3469,119.70533,8,205.5,1,34.636,1,1.454,1,205.5,1,1.454,1,34.636,1
7900696,2025-09-09T04:40:59Z,1,-62.3469,119.70533,8,206.5,1,34.636,1,1.457,1,206.5,1,1.457,1,34.636,1
7900696,2025-09-09T04:40:59Z,1,-62.3469,119.70533,8,207.5,1,34.637,1,1.458,1,207.5,1,1.458,1,34.637,1
7900696,2025-09-09T04:40:59Z,1,-62.3469,119.70533,8,208.5,1,34.637,1,1.459,1,208.5,1,1.459,1,34.637,1
7900696,2025-09-09T04:40:59Z,1,-62.3469,119.70533,8,209.5,1,34.637,1,1.462,1,209.5,1,1.462,1,34.637,1
7900696,2025-09-09T04:40:59Z,1,-62.3469,119.70533,8,210.4,1,34.638,1,1.462,1,210.4,1,1.462,1,34.638,1
7900696,2025-09-09T04:40:59Z,1,-62.3469,119.70533,8,211.4,1,34.638,1,1.463,1,211.4,1,1.463,1,34.638,1
7900696,2025-09-09T04:40:59Z,1,-62.3469,119.70533,8,212.5,1,34.638,1,1.466,1,212.5,1,1.466,1,34.638,1
7900696,2025-09-09T04:40:59Z,1,-62.3469,119.70533,8,213.5,1,34.639,1,1.466,1,213.5,1,1.466,1,34.639,1
7900696,2025-09-09T04:40:59Z,1,-62.3469,119.70533,8,214.5,1,34.638,1,1.465,1,214.5,1,1.465,1,34.638,1
7900696,2025-09-09T04:40:59Z,1,-62.3469,119.70533,8,215.4,1,34.639,1,1.469,1,215.4,1,1.469,1,34.639,1
7900696,2025-09-09T04:40:59Z,1,-62.3469,119.70533,8,216.5,1,34.639,1,1.473,1,216.5,1,1.473,1,34.639,1
7900696,2025-09-09T04:40:59Z,1,-62.3469,119.70533,8,217.5,1,34.639,1,1.478,1,217.5,1,1.478,1,34.639,1
7900696,2025-09-09T04:40:59Z,1,-62.3469,119.70533,8,218.4,1,34.642,1,1.479,1,218.4,1,1.479,1,34.642,1
7900696,2025-09-09T04:40:59Z,1,-62.3469,119.70533,8,219.4,1,34.641,1,1.481,1,219.4,1,1.481,1,34.641,1
7900696,2025-09-09T04:40:59Z,1,-62.3469,119.70533,8,220.4,1,34.642,1,1.482,1,220.4,1,1.482,1,34.642,1
7900696,2025-09-09T04:40:59Z,1,-62.3469,119.70533,8,221.4,1,34.642,1,1.484,1,221.4,1,1.484,1,34.642,1
7900696,2025-09-09T04:40:59Z,1,-62.3469,119.70533,8,222.5,1,34.643,1,1.484,1,222.5,1,1.484,1,34.643,1
7900696,2025-09-09T04:40:59Z,1,-62.3469,119.70533,8,223.5,1,34.642,1,1.485,1,223.5,1,1.485,1,34.642,1
7900696,2025-09-09T04:40:59Z,1,-62.3469,119.70533,8,224.4,1,34.643,1,1.486,1,224.4,1,1.486,1,34.643,1
7900696,2025-09-09T04:40:59Z,1,-62.3469,119.70533,8,225.4,1,34.643,1,1.486,1,225.4,1,1.486,1,34.643,1
7900696,2025-09-09T04:40:59Z,1,-62.3469,119.70533,8,226.4,1,34.643,1,1.486,1,226.4,1,1.486,1,34.643,1
7900696,2025-09-09T04:40:59Z,1,-62.3469,119.70533,8,227.4,1,34.643,1,1.487,1,227.4,1,1.487,1,34.643,1
7900696,2025-09-09T04:40:59Z,1,-62.3469,119.70533,8,228.5,1,34.643,1,1.488,1,228.5,1,1.488,1,34.643,1
7900696,2025-09-09T04:40:59Z,1,-62.3469,119.70533,8,229.4,1,34.644,1,1.491,1,229.4,1,1.491,1,34.644,1
7900696,2025-09-09T04:40:59Z,1,-62.3469,119.70533,8,230.4,1,34.644,1,1.491,1,230.4,1,1.491,1,34.644,1
7900696,2025-09-09T04:40:59Z,1,-62.3469,119.70533,8,231.4,1,34.645,1,1.495,1,231.4,1,1.495,1,34.645,1
7900696,2025-09-09T04:40:59Z,1,-62.3469,119.70533,8,232.5,1,34.645,1,1.496,1,232.5,1,1.496,1,34.645,1
7900696,2025-09-09T04:40:59Z,1,-62.3469,119.70533,8,233.5,1,34.646,1,1.495,1,233.5,1,1.495,1,34.646,1
7900696,2025-09-09T04:40:59Z,1,-62.3469,119.70533,8,234.4,1,34.646,1,1.496,1,234.4,1,1.496,1,34.646,1
7900696,2025-09-09T04:40:59Z,1,-62.3469,119.70533,8,235.4,1,34.646,1,1.499,1,235.4,1,1.499,1,34.646,1
7900696,2025-09-09T04:40:59Z,1,-62.3469,119.70533,8,236.4,1,34.647,1,1.505,1,236.4,1,1.505,1,34.647,1
7900696,2025-09-09T04:40:59Z,1,-62.3469,119.70533,8,237.5,1,34.649,1,1.513,1,237.5,1,1.513,1,34.649,1
7900696,2025-09-09T04:40:59Z,1,-62.3469,119.70533,8,238.4,1,34.65,1,1.516,1,238.4,1,1.516,1,34.65,1
7900696,2025-09-09T04:40:59Z,1,-62.3469,119.70533,8,239.4,1,34.65,1,1.518,1,239.4,1,1.518,1,34.65,1
7900696,2025-09-09T04:40:59Z,1,-62.3469,119.70533,8,240.4,1,34.651,1,1.52,1,240.4,1,1.52,1,34.651,1
7900696,2025-09-09T04:40:59Z,1,-62.3469,119.70533,8,241.5,1,34.651,1,1.52,1,241.5,1,1.52,1,34.651,1
7900696,2025-09-09T04:40:59Z,1,-62.3469,119.70533,8,242.4,1,34.651,1,1.52,1,242.4,1,1.52,1,34.651,1
7900696,2025-09-09T04:40:59Z,1,-62.3469,119.70533,8,243.4,1,34.651,1,1.521,1,243.4,1,1.521,1,34.651,1
7900696,2025-09-09T04:40:59Z,1,-62.3469,119.70533,8,244.4,1,34.651,1,1.522,1,244.4,1,1.522,1,34.651,1
7900696,2025-09-09T04:40:59Z,1,-62.3469,119.70533,8,245.5,1,34.651,1,1.523,1,245.5,1,1.523,1,34.651,1
7900696,2025-09-09T04:40:59Z,1,-62.3469,119.70533,8,246.5,1,34.652,1,1.524,1,246.5,1,1.524,1,34.652,1
7900696,2025-09-09T04:40:59Z,1,-62.3469,119.70533,8,247.4,1,34.652,1,1.525,1,247.4,1,1.525,1,34.652,1
7900696,2025-09-09T04:40:59Z,1,-62.3469,119.70533,8,248.5,1,34.652,1,1.527,1,248.5,1,1.527,1,34.652,1
7900696,2025-09-09T04:40:59Z,1,-62.3469,119.70533,8,249.5,1,34.653,1,1.531,1,249.5,1,1.531,1,34.653,1
7900696,2025-09-09T04:40:59Z,1,-62.3469,119.70533,8,250.4,1,34.654,1,1.536,1,250.4,1,1.536,1,34.654,1
7900696,2025-09-09T04:40:59Z,1,-62.3469,119.70533,8,251.5,1,34.654,1,1.536,1,251.5,1,1.536,1,34.654,1
7900696,2025-09-09T04:40:59Z,1,-62.3469,119.70533,8,252.5,1,34.655,1,1.537,1,252.5,1,1.537,1,34.655,1
7900696,2025-09-09T04:40:59Z,1,-62.3469,119.70533,8,253.4,1,34.655,1,1.539,1,253.4,1,1.539,1,34.655,1
7900696,2025-09-09T04:40:59Z,1,-62.3469,119.70533,8,254.5,1,34.656,1,1.542,1,254.5,1,1.542,1,34.656,1
7900696,2025-09-09T04:40:59Z,1,-62.3469,119.70533,8,255.5,1,34.657,1,1.546,1,255.5,1,1.546,1,34.657,1
7900696,2025-09-09T04:40:59Z,1,-62.3469,119.70533,8,256.4,1,34.658,1,1.547,1,256.4,1,1.547,1,34.658,1
7900696,2025-09-09T04:40:59Z,1,-62.3469,119.70533,8,257.4,1,34.657,1,1.549,1,257.4,1,1.549,1,34.657,1
7900696,2025-09-09T04:40:59Z,1,-62.3469,119.70533,8,258.5,1,34.658,1,1.552,1,258.5,1,1.552,1,34.658,1
7900696,2025-09-09T04:40:59Z,1,-62.3469,119.70533,8,259.5,1,34.658,1,1.552,1,259.5,1,1.552,1,34.658,1
7900696,2025-09-09T04:40:59Z,1,-62.3469,119.70533,8,260.5,1,34.659,1,1.555,1,260.5,1,1.555,1,34.659,1
7900696,2025-09-09T04:40:59Z,1,-62.3469,119.70533,8,261.5,1,34.66,1,1.558,1,261.5,1,1.558,1,34.66,1
7900696,2025-09-09T04:40:59Z,1,-62.3469,119.70533,8,262.4,1,34.661,1,1.56,1,262.4,1,1.56,1,34.661,1
7900696,2025-09-09T04:40:59Z,1,-62.3469,119.70533,8,263.4,1,34.662,1,1.565,1,263.4,1,1.565,1,34.662,1
7900696,2025-09-09T04:40:59Z,1,-62.3469,119.70533,8,264.4,1,34.662,1,1.566,1,264.4,1,1.566,1,34.662,1
7900696,2025-09-09T04:40:59Z,1,-62.3469,119.70533,8,265.4,1,34.662,1,1.569,1,265.4,1,1.569,1,34.662,1
7900696,2025-09-09T04:40:59Z,1,-62.3469,119.70533,8,266.4,1,34.663,1,1.573,1,266.4,1,1.573,1,34.663,1
7900696,2025-09-09T04:40:59Z,1,-62.3469,119.70533,8,267.5,1,34.664,1,1.574,1,267.5,1,1.574,1,34.664,1
7900696,2025-09-09T04:40:59Z,1,-62.3469,119.70533,8,268.5,1,34.664,1,1.575,1,268.5,1,1.575,1,34.664,1
7900696,2025-09-09T04:40:59Z,1,-62.3469,119.70533,8,269.5,1,34.664,1,1.575,1,269.5,1,1.575,1,34.664,1
7900696,2025-09-09T04:40:59Z,1,-62.3469,119.70533,8,270.5,1,34.664,1,1.577,1,270.5,1,1.577,1,34.664,1
7900696,2025-09-09T04:40:59Z,1,-62.3469,119.70533,8,271.5,1,34.664,1,1.577,1,271.5,1,1.577,1,34.664,1
7900696,2025-09-09T04:40:59Z,1,-62.3469,119.70533,8,272.5,1,34.665,1,1.578,1,272.5,1,1.578,1,34.665,1
7900696,2025-09-09T04:40:59Z,1,-62.3469,119.70533,8,273.5,1,34.665,1,1.58,1,273.5,1,1.58,1,34.665,1
7900696,2025-09-09T04:40:59Z,1,-62.3469,119.70533,8,274.5,1,34.666,1,1.581,1,274.5,1,1.581,1,34.666,1
7900696,2025-09-09T04:40:59Z,1,-62.3469,119.70533,8,275.5,1,34.666,1,1.582,1,275.5,1,1.582,1,34.666,1
7900696,2025-09-09T04:40:59Z,1,-62.3469,119.70533,8,276.5,1,34.666,1,1.582,1,276.5,1,1.582,1,34.666,1
7900696,2025-09-09T04:40:59Z,1,-62.3469,119.70533,8,277.4,1,34.666,1,1.583,1,277.4,1,1.583,1,34.666,1
7900696,2025-09-09T04:40:59Z,1,-62.3469,119.70533,8,278.4,1,34.666,1,1.583,1,278.4,1,1.583,1,34.666,1
7900696,2025-09-09T04:40:59Z,1,-62.3469,119.70533,8,279.4,1,34.667,1,1.584,1,279.4,1,1.584,1,34.667,1
7900696,2025-09-09T04:40:59Z,1,-62.3469,119.70533,8,280.4,1,34.668,1,1.584,1,280.4,1,1.584,1,34.668,1
7900696,2025-09-09T04:40:59Z,1,-62.3469,119.70533,8,281.4,1,34.669,1,1.585,1,281.4,1,1.585,1,34.669,1
7900696,2025-09-09T04:40:59Z,1,-62.3469,119.70533,8,282.4,1,34.669,1,1.583,1,282.4,1,1.583,1,34.669,1
7900696,2025-09-09T04:40:59Z,1,-62.3469,119.70533,8,283.5,1,34.669,1,1.58,1,283.5,1,1.58,1,34.669,1
7900696,2025-09-09T04:40:59Z,1,-62.3469,119.70533,8,284.5,1,34.669,1,1.579,1,284.5,1,1.579,1,34.669,1
7900696,2025-09-09T04:40:59Z,1,-62.3469,119.70533,8,285.5,1,34.669,1,1.578,1,285.5,1,1.578,1,34.669,1
7900696,2025-09-09T04:40:59Z,1,-62.3469,119.70533,8,286.5,1,34.669,1,1.578,1,286.5,1,1.578,1,34.669,1
7900696,2025-09-09T04:40:59Z,1,-62.3469,119.70533,8,287.5,1,34.669,1,1.578,1,287.5,1,1.578,1,34.669,1
7900696,2025-09-09T04:40:59Z,1,-62.3469,119.70533,8,288.5,1,34.67,1,1.571,1,288.5,1,1.571,1,34.67,1
7900696,2025-09-09T04:40:59Z,1,-62.3469,119.70533,8,289.5,1,34.67,1,1.568,1,289.5,1,1.568,1,34.67,1
7900696,2025-09-09T04:40:59Z,1,-62.3469,119.70533,8,290.5,1,34.67,1,1.567,1,290.5,1,1.567,1,34.67,1
7900696,2025-09-09T04:40:59Z,1,-62.3469,119.70533,8,291.5,1,34.67,1,1.567,1,291.5,1,1.567,1,34.67,1
7900696,2025-09-09T04:40:59Z,1,-62.3469,119.70533,8,292.5,1,34.671,1,1.57,1,292.5,1,1.57,1,34.671,1
7900696,2025-09-09T04:40:59Z,1,-62.3469,119.70533,8,293.5,1,34.671,1,1.573,1,293.5,1,1.573,1,34.671,1
7900696,2025-09-09T04:40:59Z,1,-62.3469,119.70533,8,294.5,1,34.672,1,1.575,1,294.5,1,1.575,1,34.672,1
7900696,2025-09-09T04:40:59Z,1,-62.3469,119.70533,8,295.5,1,34.672,1,1.586,1,295.5,1,1.586,1,34.672,1
7900696,2025-09-09T04:40:59Z,1,-62.3469,119.70533,8,296.5,1,34.673,1,1.591,1,296.5,1,1.591,1,34.673,1
7900696,2025-09-09T04:40:59Z,1,-62.3469,119.70533,8,297.5,1,34.674,1,1.59,1,297.5,1,1.59,1,34.674,1
7900696,2025-09-09T04:40:59Z,1,-62.3469,119.70533,8,298.5,1,34.675,1,1.593,1,298.5,1,1.593,1,34.675,1
7900696,2025-09-09T04:40:59Z,1,-62.3469,119.70533,8,299.5,1,34.675,1,1.593,1,299.5,1,1.593,1,34.675,1
7900696,2025-09-09T04:40:59Z,1,-62.3469,119.70533,8,300.5,1,34.675,1,1.595,1,300.5,1,1.595,1,34.675,1
7900696,2025-09-09T04:40:59Z,1,-62.3469,119.70533,8,301.4,1,34.675,1,1.593,1,301.4,1,1.593,1,34.675,1
7900696,2025-09-09T04:40:59Z,1,-62.3469,119.70533,8,302.4,1,34.676,1,1.594,1,302.4,1,1.594,1,34.676,1
7900696,2025-09-09T04:40:59Z,1,-62.3469,119.70533,8,303.4,1,34.676,1,1.595,1,303.4,1,1.595,1,34.676,1
7900696,2025-09-09T04:40:59Z,1,-62.3469,119.70533,8,304.4,1,34.676,1,1.598,1,304.4,1,1.598,1,34.676,1
7900696,2025-09-09T04:40:59Z,1,-62.3469,119.70533,8,305.4,1,34.677,1,1.6,1,305.4,1,1.6,1,34.677,1
7900696,2025-09-09T04:40:59Z,1,-62.3469,119.70533,8,306.4,1,34.677,1,1.6,1,306.4,1,1.6,1,34.677,1
7900696,2025-09-09T04:40:59Z,1,-62.3469,119.70533,8,307.5,1,34.678,1,1.6,1,307.5,1,1.6,1,34.678,1
7900696,2025-09-09T04:40:59Z,1,-62.3469,119.70533,8,308.5,1,34.678,1,1.601,1,308.5,1,1.601,1,34.678,1
7900696,2025-09-09T04:40:59Z,1,-62.3469,119.70533,8,309.5,1,34.68,1,1.608,1,309.5,1,1.608,1,34.68,1
7900696,2025-09-09T04:40:59Z,1,-62.3469,119.70533,8,310.5,1,34.68,1,1.61,1,310.5,1,1.61,1,34.68,1
7900696,2025-09-09T04:40:59Z,1,-62.3469,119.70533,8,311.5,1,34.681,1,1.61,1,311.5,1,1.61,1,34.681,1
7900696,2025-09-09T04:40:59Z,1,-62.3469,119.70533,8,312.4,1,34.681,1,1.611,1,312.4,1,1.611,1,34.681,1
7900696,2025-09-09T04:40:59Z,1,-62.3469,119.70533,8,313.4,1,34.681,1,1.612,1,313.4,1,1.612,1,34.681,1
7900696,2025-09-09T04:40:59Z,1,-62.3469,119.70533,8,314.4,1,34.681,1,1.612,1,314.4,1,1.612,1,34.681,1
7900696,2025-09-09T04:40:59Z,1,-62.3469,119.70533,8,315.4,1,34.681,1,1.612,1,315.4,1,1.612,1,34.681,1
7900696,2025-09-09T04:40:59Z,1,-62.3469,119.70533,8,316.4,1,34.681,1,1.612,1,316.4,1,1.612,1,34.681,1
7900696,2025-09-09T04:40:59Z,1,-62.3469,119.70533,8,317.5,1,34.681,1,1.612,1,317.5,1,1.612,1,34.681,1
7900696,2025-09-09T04:40:59Z,1,-62.3469,119.70533,8,318.5,1,34.681,1,1.612,1,318.5,1,1.612,1,34.681,1
7900696,2025-09-09T04:40:59Z,1,-62.3469,119.70533,8,319.4,1,34.682,1,1.612,1,319.4,1,1.612,1,34.682,1
7900696,2025-09-09T04:40:59Z,1,-62.3469,119.70533,8,320.4,1,34.682,1,1.612,1,320.4,1,1.612,1,34.682,1
7900696,2025-09-09T04:40:59Z,1,-62.3469,119.70533,8,321.4,1,34.682,1,1.613,1,321.4,1,1.613,1,34.682,1
7900696,2025-09-09T04:40:59Z,1,-62.3469,119.70533,8,322.4,1,34.683,1,1.613,1,322.4,1,1.613,1,34.683,1
7900696,2025-09-09T04:40:59Z,1,-62.3469,119.70533,8,323.5,1,34.683,1,1.613,1,323.5,1,1.613,1,34.683,1
7900696,2025-09-09T04:40:59Z,1,-62.3469,119.70533,8,324.5,1,34.683,1,1.614,1,324.5,1,1.614,1,34.683,1
7900696,2025-09-09T04:40:59Z,1,-62.3469,119.70533,8,325.5,1,34.683,1,1.613,1,325.5,1,1.613,1,34.683,1
7900696,2025-09-09T04:40:59Z,1,-62.3469,119.70533,8,326.5,1,34.683,1,1.613,1,326.5,1,1.613,1,34.683,1
7900696,2025-09-09T04:40:59Z,1,-62.3469,119.70533,8,327.4,1,34.683,1,1.612,1,327.4,1,1.612,1,34.683,1
7900696,2025-09-09T04:40:59Z,1,-62.3469,119.70533,8,328.5,1,34.684,1,1.612,1,328.5,1,1.612,1,34.684,1
7900696,2025-09-09T04:40:59Z,1,-62.3469,119.70533,8,329.5,1,34.684,1,1.612,1,329.5,1,1.612,1,34.684,1
7900696,2025-09-09T04:40:59Z,1,-62.3469,119.70533,8,330.4,1,34.684,1,1.612,1,330.4,1,1.612,1,34.684,1
7900696,2025-09-09T04:40:59Z,1,-62.3469,119.70533,8,331.4,1,34.684,1,1.612,1,331.4,1,1.612,1,34.684,1
7900696,2025-09-09T04:40:59Z,1,-62.3469,119.70533,8,332.4,1,34.684,1,1.611,1,332.4,1,1.611,1,34.684,1
7900696,2025-09-09T04:40:59Z,1,-62.3469,119.70533,8,333.5,1,34.685,1,1.609,1,333.5,1,1.609,1,34.685,1
7900696,2025-09-09T04:40:59Z,1,-62.3469,119.70533,8,334.5,1,34.685,1,1.607,1,334.5,1,1.607,1,34.685,1
7900696,2025-09-09T04:40:59Z,1,-62.3469,119.70533,8,335.5,1,34.685,1,1.606,1,335.5,1,1.606,1,34.685,1
7900696,2025-09-09T04:40:59Z,1,-62.3469,119.70533,8,336.5,1,34.686,1,1.606,1,336.5,1,1.606,1,34.686,1
7900696,2025-09-09T04:40:59Z,1,-62.3469,119.70533,8,337.5,1,34.685,1,1.606,1,337.5,1,1.606,1,34.685,1
7900696,2025-09-09T04:40:59Z,1,-62.3469,119.70533,8,338.5,1,34.685,1,1.606,1,338.5,1,1.606,1,34.685,1
7900696,2025-09-09T04:40:59Z,1,-62.3469,119.70533,8,339.4,1,34.686,1,1.607,1,339.4,1,1.607,1,34.686,1
7900696,2025-09-09T04:40:59Z,1,-62.3469,119.70533,8,340.4,1,34.686,1,1.607,1,340.4,1,1.607,1,34.686,1
7900696,2025-09-09T04:40:59Z,1,-62.3469,119.70533,8,341.5,1,34.687,1,1.608,1,341.5,1,1.608,1,34.687,1
7900696,2025-09-09T04:40:59Z,1,-62.3469,119.70533,8,342.5,1,34.687,1,1.608,1,342.5,1,1.608,1,34.687,1
7900696,2025-09-09T04:40:59Z,1,-62.3469,119.70533,8,343.5,1,34.687,1,1.608,1,343.5,1,1.608,1,34.687,1
7900696,2025-09-09T04:40:59Z,1,-62.3469,119.70533,8,344.4,1,34.687,1,1.608,1,344.4,1,1.608,1,34.687,1
7900696,2025-09-09T04:40:59Z,1,-62.3469,119.70533,8,345.5,1,34.687,1,1.608,1,345.5,1,1.608,1,34.687,1
7900696,2025-09-09T04:40:59Z,1,-62.3469,119.70533,8,346.5,1,34.687,1,1.608,1,346.5,1,1.608,1,34.687,1
7900696,2025-09-09T04:40:59Z,1,-62.3469,119.70533,8,347.4,1,34.687,1,1.608,1,347.4,1,1.608,1,34.687,1
7900696,2025-09-09T04:40:59Z,1,-62.3469,119.70533,8,348.4,1,34.688,1,1.607,1,348.4,1,1.607,1,34.688,1
7900696,2025-09-09T04:40:59Z,1,-62.3469,119.70533,8,349.5,1,34.688,1,1.606,1,349.5,1,1.606,1,34.688,1
7900696,2025-09-09T04:40:59Z,1,-62.3469,119.70533,8,350.5,1,34.688,1,1.604,1,350.5,1,1.604,1,34.688,1
7900696,2025-09-09T04:40:59Z,1,-62.3469,119.70533,8,351.5,1,34.689,1,1.604,1,351.5,1,1.604,1,34.689,1
7900696,2025-09-09T04:40:59Z,1,-62.3469,119.70533,8,352.5,1,34.689,1,1.604,1,352.5,1,1.604,1,34.689,1
7900696,2025-09-09T04:40:59Z,1,-62.3469,119.70533,8,353.4,1,34.689,1,1.604,1,353.4,1,1.604,1,34.689,1
7900696,2025-09-09T04:40:59Z,1,-62.3469,119.70533,8,354.5,1,34.689,1,1.604,1,354.5,1,1.604,1,34.689,1
7900696,2025-09-09T04:40:59Z,1,-62.3469,119.70533,8,355.5,1,34.689,1,1.605,1,355.5,1,1.605,1,34.689,1
7900696,2025-09-09T04:40:59Z,1,-62.3469,119.70533,8,356.5,1,34.69,1,1.606,1,356.5,1,1.606,1,34.69,1
7900696,2025-09-09T04:40:59Z,1,-62.3469,119.70533,8,357.5,1,34.69,1,1.606,1,357.5,1,1.606,1,34.69,1
7900696,2025-09-09T04:40:59Z,1,-62.3469,119.70533,8,358.4,1,34.69,1,1.606,1,358.4,1,1.606,1,34.69,1
7900696,2025-09-09T04:40:59Z,1,-62.3469,119.70533,8,359.4,1,34.69,1,1.606,1,359.4,1,1.606,1,34.69,1
7900696,2025-09-09T04:40:59Z,1,-62.3469,119.70533,8,360.4,1,34.691,1,1.607,1,360.4,1,1.607,1,34.691,1
7900696,2025-09-09T04:40:59Z,1,-62.3469,119.70533,8,361.5,1,34.691,1,1.607,1,361.5,1,1.607,1,34.691,1
7900696,2025-09-09T04:40:59Z,1,-62.3469,119.70533,8,362.5,1,34.691,1,1.608,1,362.5,1,1.608,1,34.691,1
7900696,2025-09-09T04:40:59Z,1,-62.3469,119.70533,8,363.4,1,34.691,1,1.607,1,363.4,1,1.607,1,34.691,1
7900696,2025-09-09T04:40:59Z,1,-62.3469,119.70533,8,364.4,1,34.691,1,1.608,1,364.4,1,1.608,1,34.691,1
7900696,2025-09-09T04:40:59Z,1,-62.3469,119.70533,8,365.5,1,34.691,1,1.608,1,365.5,1,1.608,1,34.691,1
7900696,2025-09-09T04:40:59Z,1,-62.3469,119.70533,8,366.5,1,34.692,1,1.609,1,366.5,1,1.609,1,34.692,1
7900696,2025-09-09T04:40:59Z,1,-62.3469,119.70533,8,367.5,1,34.692,1,1.611,1,367.5,1,1.611,1,34.692,1
7900696,2025-09-09T04:40:59Z,1,-62.3469,119.70533,8,368.4,1,34.693,1,1.612,1,368.4,1,1.612,1,34.693,1
7900696,2025-09-09T04:40:59Z,1,-62.3469,119.70533,8,369.4,1,34.693,1,1.611,1,369.4,1,1.611,1,34.693,1
7900696,2025-09-09T04:40:59Z,1,-62.3469,119.70533,8,370.5,1,34.693,1,1.611,1,370.5,1,1.611,1,34.693,1
7900696,2025-09-09T04:40:59Z,1,-62.3469,119.70533,8,371.5,1,34.693,1,1.611,1,371.5,1,1.611,1,34.693,1
7900696,2025-09-09T04:40:59Z,1,-62.3469,119.70533,8,372.5,1,34.693,1,1.612,1,372.5,1,1.612,1,34.693,1
7900696,2025-09-09T04:40:59Z,1,-62.3469,119.70533,8,373.5,1,34.694,1,1.614,1,373.5,1,1.614,1,34.694,1
7900696,2025-09-09T04:40:59Z,1,-62.3469,119.70533,8,374.5,1,34.694,1,1.615,1,374.5,1,1.615,1,34.694,1
7900696,2025-09-09T04:40:59Z,1,-62.3469,119.70533,8,375.5,1,34.694,1,1.615,1,375.5,1,1.615,1,34.694,1
7900696,2025-09-09T04:40:59Z,1,-62.3469,119.70533,8,376.5,1,34.695,1,1.615,1,376.5,1,1.615,1,34.695,1
7900696,2025-09-09T04:40:59Z,1,-62.3469,119.70533,8,377.5,1,34.695,1,1.616,1,377.5,1,1.616,1,34.695,1
7900696,2025-09-09T04:40:59Z,1,-62.3469,119.70533,8,378.5,1,34.695,1,1.616,1,378.5,1,1.616,1,34.695,1
7900696,2025-09-09T04:40:59Z,1,-62.3469,119.70533,8,379.4,1,34.695,1,1.616,1,379.4,1,1.616,1,34.695,1
7900696,2025-09-09T04:40:59Z,1,-62.3469,119.70533,8,380.4,1,34.695,1,1.615,1,380.4,1,1.615,1,34.695,1
7900696,2025-09-09T04:40:59Z,1,-62.3469,119.70533,8,381.4,1,34.696,1,1.615,1,381.4,1,1.615,1,34.696,1
7900696,2025-09-09T04:40:59Z,1,-62.3469,119.70533,8,382.4,1,34.696,1,1.614,1,382.4,1,1.614,1,34.696,1
7900696,2025-09-09T04:40:59Z,1,-62.3469,119.70533,8,383.5,1,34.696,1,1.615,1,383.5,1,1.615,1,34.696,1
7900696,2025-09-09T04:40:59Z,1,-62.3469,119.70533,8,384.5,1,34.696,1,1.615,1,384.5,1,1.615,1,34.696,1
7900696,2025-09-09T04:40:59Z,1,-62.3469,119.70533,8,385.5,1,34.697,1,1.615,1,385.5,1,1.615,1,34.697,1
7900696,2025-09-09T04:40:59Z,1,-62.3469,119.70533,8,386.5,1,34.697,1,1.615,1,386.5,1,1.615,1,34.697,1
7900696,2025-09-09T04:40:59Z,1,-62.3469,119.70533,8,387.4,1,34.697,1,1.617,1,387.4,1,1.617,1,34.697,1
7900696,2025-09-09T04:40:59Z,1,-62.3469,119.70533,8,388.4,1,34.698,1,1.618,1,388.4,1,1.618,1,34.698,1
7900696,2025-09-09T04:40:59Z,1,-62.3469,119.70533,8,389.5,1,34.698,1,1.617,1,389.5,1,1.617,1,34.698,1
7900696,2025-09-09T04:40:59Z,1,-62.3469,119.70533,8,390.4,1,34.698,1,1.617,1,390.4,1,1.617,1,34.698,1
7900696,2025-09-09T04:40:59Z,1,-62.3469,119.70533,8,391.4,1,34.698,1,1.617,1,391.4,1,1.617,1,34.698,1
7900696,2025-09-09T04:40:59Z,1,-62.3469,119.70533,8,392.5,1,34.698,1,1.618,1,392.5,1,1.618,1,34.698,1
7900696,2025-09-09T04:40:59Z,1,-62.3469,119.70533,8,393.5,1,34.698,1,1.621,1,393.5,1,1.621,1,34.698,1
7900696,2025-09-09T04:40:59Z,1,-62.3469,119.70533,8,394.4,1,34.699,1,1.622,1,394.4,1,1.622,1,34.699,1
7900696,2025-09-09T04:40:59Z,1,-62.3469,119.70533,8,395.4,1,34.699,1,1.624,1,395.4,1,1.624,1,34.699,1
7900696,2025-09-09T04:40:59Z,1,-62.3469,119.70533,8,396.4,1,34.7,1,1.624,1,396.4,1,1.624,1,34.7,1
7900696,2025-09-09T04:40:59Z,1,-62.3469,119.70533,8,397.5,1,34.7,1,1.623,1,397.5,1,1.623,1,34.7,1
7900696,2025-09-09T04:40:59Z,1,-62.3469,119.70533,8,398.4,1,34.701,1,1.623,1,398.4,1,1.623,1,34.701,1
7900696,2025-09-09T04:40:59Z,1,-62.3469,119.70533,8,399.4,1,34.701,1,1.623,1,399.4,1,1.623,1,34.701,1
7900696,2025-09-09T04:40:59Z,1,-62.3469,119.70533,8,400.5,1,34.701,1,1.623,1,400.5,1,1.623,1,34.701,1
7900696,2025-09-09T04:40:59Z,1,-62.3469,119.70533,8,401.5,1,34.702,1,1.627,1,401.5,1,1.627,1,34.702,1
7900696,2025-09-09T04:40:59Z,1,-62.3469,119.70533,8,402.4,1,34.702,1,1.627,1,402.4,1,1.627,1,34.702,1
7900696,2025-09-09T04:40:59Z,1,-62.3469,119.70533,8,403.5,1,34.702,1,1.627,1,403.5,1,1.627,1,34.702,1
7900696,2025-09-09T04:40:59Z,1,-62.3469,119.70533,8,404.5,1,34.702,1,1.628,1,404.5,1,1.628,1,34.702,1
7900696,2025-09-09T04:40:59Z,1,-62.3469,119.70533,8,405.5,1,34.702,1,1.628,1,405.5,1,1.628,1,34.702,1
7900696,2025-09-09T04:40:59Z,1,-62.3469,119.70533,8,406.5,1,34.702,1,1.628,1,406.5,1,1.628,1,34.702,1
7900696,2025-09-09T04:40:59Z,1,-62.3469,119.70533,8,407.5,1,34.702,1,1.628,1,407.5,1,1.628,1,34.702,1
7900696,2025-09-09T04:40:59Z,1,-62.3469,119.70533,8,408.4,1,34.702,1,1.631,1,408.4,1,1.631,1,34.702,1
7900696,2025-09-09T04:40:59Z,1,-62.3469,119.70533,8,409.5,1,34.702,1,1.631,1,409.5,1,1.631,1,34.702,1
7900696,2025-09-09T04:40:59Z,1,-62.3469,119.70533,8,410.4,1,34.703,1,1.63,1,410.4,1,1.63,1,34.703,1
7900696,2025-09-09T04:40:59Z,1,-62.3469,119.70533,8,411.4,1,34.703,1,1.63,1,411.4,1,1.63,1,34.703,1
7900696,2025-09-09T04:40:59Z,1,-62.3469,119.70533,8,412.4,1,34.703,1,1.63,1,412.4,1,1.63,1,34.703,1
7900696,2025-09-09T04:40:59Z,1,-62.3469,119.70533,8,413.4,1,34.703,1,1.63,1,413.4,1,1.63,1,34.703,1
7900696,2025-09-09T04:40:59Z,1,-62.3469,119.70533,8,414.5,1,34.705,1,1.633,1,414.5,1,1.633,1,34.705,1
7900696,2025-09-09T04:40:59Z,1,-62.3469,119.70533,8,415.4,1,34.706,1,1.638,1,415.4,1,1.638,1,34.706,1
7900696,2025-09-09T04:40:59Z,1,-62.3469,119.70533,8,416.4,1,34.706,1,1.639,1,416.4,1,1.639,1,34.706,1
7900696,2025-09-09T04:40:59Z,1,-62.3469,119.70533,8,417.5,1,34.707,1,1.639,1,417.5,1,1.639,1,34.707,1
7900696,2025-09-09T04:40:59Z,1,-62.3469,119.70533,8,418.4,1,34.706,1,1.639,1,418.4,1,1.639,1,34.706,1
7900696,2025-09-09T04:40:59Z,1,-62.3469,119.70533,8,419.4,1,34.707,1,1.641,1,419.4,1,1.641,1,34.707,1
7900696,2025-09-09T04:40:59Z,1,-62.3469,119.70533,8,420.5,1,34.707,1,1.642,1,420.5,1,1.642,1,34.707,1
7900696,2025-09-09T04:40:59Z,1,-62.3469,119.70533,8,421.5,1,34.707,1,1.643,1,421.5,1,1.643,1,34.707,1
7900696,2025-09-09T04:40:59Z,1,-62.3469,119.70533,8,422.5,1,34.708,1,1.644,1,422.5,1,1.644,1,34.708,1
7900696,2025-09-09T04:40:59Z,1,-62.3469,119.70533,8,423.5,1,34.708,1,1.644,1,423.5,1,1.644,1,34.708,1
7900696,2025-09-09T04:40:59Z,1,-62.3469,119.70533,8,424.5,1,34.708,1,1.643,1,424.5,1,1.643,1,34.708,1
7900696,2025-09-09T04:40:59Z,1,-62.3469,119.70533,8,425.4,1,34.708,1,1.643,1,425.4,1,1.643,1,34.708,1
7900696,2025-09-09T04:40:59Z,1,-62.3469,119.70533,8,426.4,1,34.709,1,1.643,1,426.4,1,1.643,1,34.709,1
7900696,2025-09-09T04:40:59Z,1,-62.3469,119.70533,8,427.4,1,34.709,1,1.643,1,427.4,1,1.643,1,34.709,1
7900696,2025-09-09T04:40:59Z,1,-62.3469,119.70533,8,428.4,1,34.709,1,1.645,1,428.4,1,1.645,1,34.709,1
7900696,2025-09-09T04:40:59Z,1,-62.3469,119.70533,8,429.4,1,34.709,1,1.645,1,429.4,1,1.645,1,34.709,1
7900696,2025-09-09T04:40:59Z,1,-62.3469,119.70533,8,430.4,1,34.709,1,1.645,1,430.4,1,1.645,1,34.709,1
7900696,2025-09-09T04:40:59Z,1,-62.3469,119.70533,8,431.4,1,34.71,1,1.646,1,431.4,1,1.646,1,34.71,1
7900696,2025-09-09T04:40:59Z,1,-62.3469,119.70533,8,432.4,1,34.711,1,1.646,1,432.4,1,1.646,1,34.711,1
7900696,2025-09-09T04:40:59Z,1,-62.3469,119.70533,8,433.5,1,34.711,1,1.646,1,433.5,1,1.646,1,34.711,1
7900696,2025-09-09T04:40:59Z,1,-62.3469,119.70533,8,434.4,1,34.711,1,1.647,1,434.4,1,1.647,1,34.711,1
7900696,2025-09-09T04:40:59Z,1,-62.3469,119.70533,8,435.4,1,34.711,1,1.648,1,435.4,1,1.648,1,34.711,1
7900696,2025-09-09T04:40:59Z,1,-62.3469,119.70533,8,436.5,1,34.711,1,1.647,1,436.5,1,1.647,1,34.711,1
7900696,2025-09-09T04:40:59Z,1,-62.3469,119.70533,8,437.4,1,34.712,1,1.647,1,437.4,1,1.647,1,34.712,1
7900696,2025-09-09T04:40:59Z,1,-62.3469,119.70533,8,438.5,1,34.712,1,1.646,1,438.5,1,1.646,1,34.712,1
7900696,2025-09-09T04:40:59Z,1,-62.3469,119.70533,8,439.5,1,34.712,1,1.646,1,439.5,1,1.646,1,34.712,1
7900696,2025-09-09T04:40:59Z,1,-62.3469,119.70533,8,440.4,1,34.712,1,1.646,1,440.4,1,1.646,1,34.712,1
7900696,2025-09-09T04:40:59Z,1,-62.3469,119.70533,8,441.4,1,34.712,1,1.646,1,441.4,1,1.646,1,34.712,1
7900696,2025-09-09T04:40:59Z,1,-62.3469,119.70533,8,442.4,1,34.712,1,1.646,1,442.4,1,1.646,1,34.712,1
7900696,2025-09-09T04:40:59Z,1,-62.3469,119.70533,8,443.5,1,34.712,1,1.645,1,443.5,1,1.645,1,34.712,1
7900696,2025-09-09T04:40:59Z,1,-62.3469,119.70533,8,444.4,1,34.713,1,1.646,1,444.4,1,1.646,1,34.713,1
7900696,2025-09-09T04:40:59Z,1,-62.3469,119.70533,8,445.4,1,34.713,1,1.646,1,445.4,1,1.646,1,34.713,1
7900696,2025-09-09T04:40:59Z,1,-62.3469,119.70533,8,446.4,1,34.713,1,1.647,1,446.4,1,1.647,1,34.713,1
7900696,2025-09-09T04:40:59Z,1,-62.3469,119.70533,8,447.5,1,34.713,1,1.647,1,447.5,1,1.647,1,34.713,1
7900696,2025-09-09T04:40:59Z,1,-62.3469,119.70533,8,448.4,1,34.713,1,1.647,1,448.4,1,1.647,1,34.713,1
7900696,2025-09-09T04:40:59Z,1,-62.3469,119.70533,8,449.4,1,34.713,1,1.647,1,449.4,1,1.647,1,34.713,1
7900696,2025-09-09T04:40:59Z,1,-62.3469,119.70533,8,450.5,1,34.713,1,1.647,1,450.5,1,1.647,1,34.713,1
7900696,2025-09-09T04:40:59Z,1,-62.3469,119.70533,8,451.5,1,34.714,1,1.648,1,451.5,1,1.648,1,34.714,1
7900696,2025-09-09T04:40:59Z,1,-62.3469,119.70533,8,452.5,1,34.714,1,1.648,1,452.5,1,1.648,1,34.714,1
7900696,2025-09-09T04:40:59Z,1,-62.3469,119.70533,8,453.5,1,34.714,1,1.649,1,453.5,1,1.649,1,34.714,1
7900696,2025-09-09T04:40:59Z,1,-62.3469,119.70533,8,454.4,1,34.714,1,1.649,1,454.4,1,1.649,1,34.714,1
7900696,2025-09-09T04:40:59Z,1,-62.3469,119.70533,8,455.4,1,34.715,1,1.65,1,455.4,1,1.65,1,34.715,1
7900696,2025-09-09T04:40:59Z,1,-62.3469,119.70533,8,456.4,1,34.716,1,1.65,1,456.4,1,1.65,1,34.716,1
7900696,2025-09-09T04:40:59Z,1,-62.3469,119.70533,8,457.5,1,34.716,1,1.65,1,457.5,1,1.65,1,34.716,1
7900696,2025-09-09T04:40:59Z,1,-62.3469,119.70533,8,458.5,1,34.716,1,1.65,1,458.5,1,1.65,1,34.716,1
7900696,2025-09-09T04:40:59Z,1,-62.3469,119.70533,8,459.5,1,34.716,1,1.65,1,459.5,1,1.65,1,34.716,1
7900696,2025-09-09T04:40:59Z,1,-62.3469,119.70533,8,460.5,1,34.716,1,1.649,1,460.5,1,1.649,1,34.716,1
7900696,2025-09-09T04:40:59Z,1,-62.3469,119.70533,8,461.5,1,34.717,1,1.649,1,461.5,1,1.649,1,34.717,1
7900696,2025-09-09T04:40:59Z,1,-62.3469,119.70533,8,462.4,1,34.717,1,1.649,1,462.4,1,1.649,1,34.717,1
7900696,2025-09-09T04:40:59Z,1,-62.3469,119.70533,8,463.4,1,34.717,1,1.649,1,463.4,1,1.649,1,34.717,1
7900696,2025-09-09T04:40:59Z,1,-62.3469,119.70533,8,464.5,1,34.717,1,1.649,1,464.5,1,1.649,1,34.717,1
7900696,2025-09-09T04:40:59Z,1,-62.3469,119.70533,8,465.4,1,34.717,1,1.647,1,465.4,1,1.647,1,34.717,1
7900696,2025-09-09T04:40:59Z,1,-62.3469,119.70533,8,466.4,1,34.717,1,1.646,1,466.4,1,1.646,1,34.717,1
7900696,2025-09-09T04:40:59Z,1,-62.3469,119.70533,8,467.5,1,34.717,1,1.646,1,467.5,1,1.646,1,34.717,1
7900696,2025-09-09T04:40:59Z,1,-62.3469,119.70533,8,468.5,1,34.717,1,1.642,1,468.5,1,1.642,1,34.717,1
7900696,2025-09-09T04:40:59Z,1,-62.3469,119.70533,8,469.4,1,34.717,1,1.638,1,469.4,1,1.638,1,34.717,1
7900696,2025-09-09T04:40:59Z,1,-62.3469,119.70533,8,470.4,1,34.717,1,1.632,1,470.4,1,1.632,1,34.717,1
7900696,2025-09-09T04:40:59Z,1,-62.3469,119.70533,8,471.4,1,34.717,1,1.628,1,471.4,1,1.628,1,34.717,1
7900696,2025-09-09T04:40:59Z,1,-62.3469,119.70533,8,472.4,1,34.717,1,1.627,1,472.4,1,1.627,1,34.717,1
7900696,2025-09-09T04:40:59Z,1,-62.3469,119.70533,8,473.4,1,34.717,1,1.628,1,473.4,1,1.628,1,34.717,1
7900696,2025-09-09T04:40:59Z,1,-62.3469,119.70533,8,474.4,1,34.717,1,1.628,1,474.4,1,1.628,1,34.717,1
7900696,2025-09-09T04:40:59Z,1,-62.3469,119.70533,8,475.4,1,34.717,1,1.628,1,475.4,1,1.628,1,34.717,1
7900696,2025-09-09T04:40:59Z,1,-62.3469,119.70533,8,476.4,1,34.717,1,1.627,1,476.4,1,1.627,1,34.717,1
7900696,2025-09-09T04:40:59Z,1,-62.3469,119.70533,8,477.4,1,34.717,1,1.627,1,477.4,1,1.627,1,34.717,1
7900696,2025-09-09T04:40:59Z,1,-62.3469,119.70533,8,478.4,1,34.717,1,1.627,1,478.4,1,1.627,1,34.717,1
7900696,2025-09-09T04:40:59Z,1,-62.3469,119.70533,8,479.4,1,34.717,1,1.627,1,479.4,1,1.627,1,34.717,1
7900696,2025-09-09T04:40:59Z,1,-62.3469,119.70533,8,480.4,1,34.717,1,1.628,1,480.4,1,1.628,1,34.717,1
7900696,2025-09-09T04:40:59Z,1,-62.3469,119.70533,8,481.4,1,34.717,1,1.628,1,481.4,1,1.628,1,34.717,1
7900696,2025-09-09T04:40:59Z,1,-62.3469,119.70533,8,482.4,1,34.718,1,1.628,1,482.4,1,1.628,1,34.718,1
7900696,2025-09-09T04:40:59Z,1,-62.3469,119.70533,8,483.4,1,34.717,1,1.628,1,483.4,1,1.628,1,34.717,1
7900696,2025-09-09T04:40:59Z,1,-62.3469,119.70533,8,484.4,1,34.718,1,1.626,1,484.4,1,1.626,1,34.718,1
7900696,2025-09-09T04:40:59Z,1,-62.3469,119.70533,8,485.4,1,34.717,1,1.626,1,485.4,1,1.626,1,34.717,1
7900696,2025-09-09T04:40:59Z,1,-62.3469,119.70533,8,486.4,1,34.718,1,1.624,1,486.4,1,1.624,1,34.718,1
7900696,2025-09-09T04:40:59Z,1,-62.3469,119.70533,8,487.5,1,34.718,1,1.622,1,487.5,1,1.622,1,34.718,1
7900696,2025-09-09T04:40:59Z,1,-62.3469,119.70533,8,488.5,1,34.718,1,1.622,1,488.5,1,1.622,1,34.718,1
7900696,2025-09-09T04:40:59Z,1,-62.3469,119.70533,8,489.5,1,34.718,1,1.622,1,489.5,1,1.622,1,34.718,1
7900696,2025-09-09T04:40:59Z,1,-62.3469,119.70533,8,490.5,1,34.719,1,1.622,1,490.5,1,1.622,1,34.719,1
7900696,2025-09-09T04:40:59Z,1,-62.3469,119.70533,8,491.4,1,34.719,1,1.622,1,491.4,1,1.622,1,34.719,1
7900696,2025-09-09T04:40:59Z,1,-62.3469,119.70533,8,492.4,1,34.719,1,1.623,1,492.4,1,1.623,1,34.719,1
7900696,2025-09-09T04:40:59Z,1,-62.3469,119.70533,8,493.5,1,34.719,1,1.623,1,493.5,1,1.623,1,34.719,1
7900696,2025-09-09T04:40:59Z,1,-62.3469,119.70533,8,494.5,1,34.719,1,1.623,1,494.5,1,1.623,1,34.719,1
7900696,2025-09-09T04:40:59Z,1,-62.3469,119.70533,8,495.4,1,34.719,1,1.623,1,495.4,1,1.623,1,34.719,1
7900696,2025-09-09T04:40:59Z,1,-62.3469,119.70533,8,496.5,1,34.719,1,1.623,1,496.5,1,1.623,1,34.719,1
7900696,2025-09-09T04:40:59Z,1,-62.3469,119.70533,8,497.5,1,34.719,1,1.623,1,497.5,1,1.623,1,34.719,1
7900696,2025-09-09T04:40:59Z,1,-62.3469,119.70533,8,498.5,1,34.719,1,1.623,1,498.5,1,1.623,1,34.719,1
7900696,2025-09-09T04:40:59Z,1,-62.3469,119.70533,8,499.4,1,34.719,1,1.624,1,499.4,1,1.624,1,34.719,1
7900696,2025-09-09T04:40:59Z,1,-62.3469,119.70533,8,500.4,1,34.72,1,1.624,1,500.4,1,1.624,1,34.72,1
7900696,2025-09-09T04:40:59Z,1,-62.3469,119.70533,8,501.5,1,34.72,1,1.625,1,501.5,1,1.625,1,34.72,1
7900696,2025-09-09T04:40:59Z,1,-62.3469,119.70533,8,502.5,1,34.721,1,1.625,1,502.5,1,1.625,1,34.721,1
7900696,2025-09-09T04:40:59Z,1,-62.3469,119.70533,8,503.4,1,34.721,1,1.625,1,503.4,1,1.625,1,34.721,1
7900696,2025-09-09T04:40:59Z,1,-62.3469,119.70533,8,504.4,1,34.721,1,1.624,1,504.4,1,1.624,1,34.721,1
7900696,2025-09-09T04:40:59Z,1,-62.3469,119.70533,8,505.4,1,34.721,1,1.625,1,505.4,1,1.625,1,34.721,1
7900696,2025-09-09T04:40:59Z,1,-62.3469,119.70533,8,506.4,1,34.721,1,1.625,1,506.4,1,1.625,1,34.721,1
7900696,2025-09-09T04:40:59Z,1,-62.3469,119.70533,8,507.4,1,34.721,1,1.625,1,507.4,1,1.625,1,34.721,1
7900696,2025-09-09T04:40:59Z,1,-62.3469,119.70533,8,508.4,1,34.721,1,1.624,1,508.4,1,1.624,1,34.721,1
7900696,2025-09-09T04:40:59Z,1,-62.3469,119.70533,8,509.5,1,34.721,1,1.624,1,509.5,1,1.624,1,34.721,1
7900696,2025-09-09T04:40:59Z,1,-62.3469,119.70533,8,510.5,1,34.722,1,1.624,1,510.5,1,1.624,1,34.722,1
7900696,2025-09-09T04:40:59Z,1,-62.3469,119.70533,8,511.5,1,34.721,1,1.624,1,511.5,1,1.624,1,34.721,1
7900696,2025-09-09T04:40:59Z,1,-62.3469,119.70533,8,512.4,1,34.722,1,1.624,1,512.4,1,1.624,1,34.722,1
7900696,2025-09-09T04:40:59Z,1,-62.3469,119.70533,8,513.4,1,34.722,1,1.623,1,513.4,1,1.623,1,34.722,1
7900696,2025-09-09T04:40:59Z,1,-62.3469,119.70533,8,514.5,1,34.722,1,1.622,1,514.5,1,1.622,1,34.722,1
7900696,2025-09-09T04:40:59Z,1,-62.3469,119.70533,8,515.5,1,34.722,1,1.62,1,515.5,1,1.62,1,34.722,1
7900696,2025-09-09T04:40:59Z,1,-62.3469,119.70533,8,516.5,1,34.723,1,1.621,1,516.5,1,1.621,1,34.723,1
7900696,2025-09-09T04:40:59Z,1,-62.3469,119.70533,8,517.4,1,34.723,1,1.622,1,517.4,1,1.622,1,34.723,1
7900696,2025-09-09T04:40:59Z,1,-62.3469,119.70533,8,518.4,1,34.723,1,1.621,1,518.4,1,1.621,1,34.723,1
7900696,2025-09-09T04:40:59Z,1,-62.3469,119.70533,8,519.4,1,34.723,1,1.621,1,519.4,1,1.621,1,34.723,1
7900696,2025-09-09T04:40:59Z,1,-62.3469,119.70533,8,520.5,1,34.723,1,1.621,1,520.5,1,1.621,1,34.723,1
7900696,2025-09-09T04:40:59Z,1,-62.3469,119.70533,8,521.4,1,34.723,1,1.62,1,521.4,1,1.62,1,34.723,1
7900696,2025-09-09T04:40:59Z,1,-62.3469,119.70533,8,522.4,1,34.723,1,1.62,1,522.4,1,1.62,1,34.723,1
7900696,2025-09-09T04:40:59Z,1,-62.3469,119.70533,8,523.5,1,34.724,1,1.619,1,523.5,1,1.619,1,34.724,1
7900696,2025-09-09T04:40:59Z,1,-62.3469,119.70533,8,524.4,1,34.724,1,1.619,1,524.4,1,1.619,1,34.724,1
7900696,2025-09-09T04:40:59Z,1,-62.3469,119.70533,8,525.4,1,34.724,1,1.619,1,525.4,1,1.619,1,34.724,1
7900696,2025-09-09T04:40:59Z,1,-62.3469,119.70533,8,526.4,1,34.724,1,1.619,1,526.4,1,1.619,1,34.724,1
7900696,2025-09-09T04:40:59Z,1,-62.3469,119.70533,8,527.5,1,34.724,1,1.618,1,527.5,1,1.618,1,34.724,1
7900696,2025-09-09T04:40:59Z,1,-62.3469,119.70533,8,528.5,1,34.724,1,1.618,1,528.5,1,1.618,1,34.724,1
7900696,2025-09-09T04:40:59Z,1,-62.3469,119.70533,8,529.4,1,34.724,1,1.618,1,529.4,1,1.618,1,34.724,1
7900696,2025-09-09T04:40:59Z,1,-62.3469,119.70533,8,530.4,1,34.724,1,1.615,1,530.4,1,1.615,1,34.724,1
7900696,2025-09-09T04:40:59Z,1,-62.3469,119.70533,8,531.4,1,34.723,1,1.614,1,531.4,1,1.614,1,34.723,1
7900696,2025-09-09T04:40:59Z,1,-62.3469,119.70533,8,532.4,1,34.724,1,1.613,1,532.4,1,1.613,1,34.724,1
7900696,2025-09-09T04:40:59Z,1,-62.3469,119.70533,8,533.5,1,34.724,1,1.612,1,533.5,1,1.612,1,34.724,1
7900696,2025-09-09T04:40:59Z,1,-62.3469,119.70533,8,534.5,1,34.724,1,1.61,1,534.5,1,1.61,1,34.724,1
7900696,2025-09-09T04:40:59Z,1,-62.3469,119.70533,8,535.5,1,34.724,1,1.609,1,535.5,1,1.609,1,34.724,1
7900696,2025-09-09T04:40:59Z,1,-62.3469,119.70533,8,536.5,1,34.724,1,1.608,1,536.5,1,1.608,1,34.724,1
7900696,2025-09-09T04:40:59Z,1,-62.3469,119.70533,8,537.5,1,34.724,1,1.61,1,537.5,1,1.61,1,34.724,1
7900696,2025-09-09T04:40:59Z,1,-62.3469,119.70533,8,538.5,1,34.724,1,1.61,1,538.5,1,1.61,1,34.724,1
7900696,2025-09-09T04:40:59Z,1,-62.3469,119.70533,8,539.4,1,34.724,1,1.611,1,539.4,1,1.611,1,34.724,1
7900696,2025-09-09T04:40:59Z,1,-62.3469,119.70533,8,540.4,1,34.724,1,1.61,1,540.4,1,1.61,1,34.724,1
7900696,2025-09-09T04:40:59Z,1,-62.3469,119.70533,8,541.4,1,34.724,1,1.607,1,541.4,1,1.607,1,34.724,1
7900696,2025-09-09T04:40:59Z,1,-62.3469,119.70533,8,542.4,1,34.724,1,1.603,1,542.4,1,1.603,1,34.724,1
7900696,2025-09-09T04:40:59Z,1,-62.3469,119.70533,8,543.4,1,34.724,1,1.597,1,543.4,1,1.597,1,34.724,1
7900696,2025-09-09T04:40:59Z,1,-62.3469,119.70533,8,544.4,1,34.724,1,1.594,1,544.4,1,1.594,1,34.724,1
7900696,2025-09-09T04:40:59Z,1,-62.3469,119.70533,8,545.4,1,34.723,1,1.587,1,545.4,1,1.587,1,34.723,1
7900696,2025-09-09T04:40:59Z,1,-62.3469,119.70533,8,546.4,1,34.723,1,1.58,1,546.4,1,1.58,1,34.723,1
7900696,2025-09-09T04:40:59Z,1,-62.3469,119.70533,8,547.4,1,34.723,1,1.579,1,547.4,1,1.579,1,34.723,1
7900696,2025-09-09T04:40:59Z,1,-62.3469,119.70533,8,548.4,1,34.722,1,1.576,1,548.4,1,1.576,1,34.722,1
7900696,2025-09-09T04:40:59Z,1,-62.3469,119.70533,8,549.5,1,34.722,1,1.571,1,549.5,1,1.571,1,34.722,1
7900696,2025-09-09T04:40:59Z,1,-62.3469,119.70533,8,550.5,1,34.722,1,1.57,1,550.5,1,1.57,1,34.722,1
7900696,2025-09-09T04:40:59Z,1,-62.3469,119.70533,8,551.5,1,34.722,1,1.57,1,551.5,1,1.57,1,34.722,1
7900696,2025-09-09T04:40:59Z,1,-62.3469,119.70533,8,552.5,1,34.722,1,1.568,1,552.5,1,1.568,1,34.722,1
7900696,2025-09-09T04:40:59Z,1,-62.3469,119.70533,8,553.5,1,34.722,1,1.567,1,553.5,1,1.567,1,34.722,1
7900696,2025-09-09T04:40:59Z,1,-62.3469,119.70533,8,554.5,1,34.722,1,1.567,1,554.5,1,1.567,1,34.722,1
7900696,2025-09-09T04:40:59Z,1,-62.3469,119.70533,8,555.5,1,34.722,1,1.567,1,555.5,1,1.567,1,34.722,1
7900696,2025-09-09T04:40:59Z,1,-62.3469,119.70533,8,556.5,1,34.722,1,1.566,1,556.5,1,1.566,1,34.722,1
7900696,2025-09-09T04:40:59Z,1,-62.3469,119.70533,8,557.5,1,34.722,1,1.565,1,557.5,1,1.565,1,34.722,1
7900696,2025-09-09T04:40:59Z,1,-62.3469,119.70533,8,558.4,1,34.722,1,1.564,1,558.4,1,1.564,1,34.722,1
7900696,2025-09-09T04:40:59Z,1,-62.3469,119.70533,8,559.4,1,34.722,1,1.564,1,559.4,1,1.564,1,34.722,1
7900696,2025-09-09T04:40:59Z,1,-62.3469,119.70533,8,560.4,1,34.722,1,1.564,1,560.4,1,1.564,1,34.722,1
7900696,2025-09-09T04:40:59Z,1,-62.3469,119.70533,8,561.4,1,34.722,1,1.564,1,561.4,1,1.564,1,34.722,1
7900696,2025-09-09T04:40:59Z,1,-62.3469,119.70533,8,562.5,1,34.722,1,1.564,1,562.5,1,1.564,1,34.722,1
7900696,2025-09-09T04:40:59Z,1,-62.3469,119.70533,8,563.4,1,34.722,1,1.564,1,563.4,1,1.564,1,34.722,1
7900696,2025-09-09T04:40:59Z,1,-62.3469,119.70533,8,564.4,1,34.722,1,1.564,1,564.4,1,1.564,1,34.722,1
7900696,2025-09-09T04:40:59Z,1,-62.3469,119.70533,8,565.5,1,34.722,1,1.563,1,565.5,1,1.563,1,34.722,1
7900696,2025-09-09T04:40:59Z,1,-62.3469,119.70533,8,566.4,1,34.722,1,1.563,1,566.4,1,1.563,1,34.722,1
7900696,2025-09-09T04:40:59Z,1,-62.3469,119.70533,8,567.4,1,34.722,1,1.563,1,567.4,1,1.563,1,34.722,1
7900696,2025-09-09T04:40:59Z,1,-62.3469,119.70533,8,568.4,1,34.722,1,1.563,1,568.4,1,1.563,1,34.722,1
7900696,2025-09-09T04:40:59Z,1,-62.3469,119.70533,8,569.4,1,34.722,1,1.562,1,569.4,1,1.562,1,34.722,1
7900696,2025-09-09T04:40:59Z,1,-62.3469,119.70533,8,570.5,1,34.722,1,1.562,1,570.5,1,1.562,1,34.722,1
7900696,2025-09-09T04:40:59Z,1,-62.3469,119.70533,8,571.5,1,34.722,1,1.564,1,571.5,1,1.564,1,34.722,1
7900696,2025-09-09T04:40:59Z,1,-62.3469,119.70533,8,572.4,1,34.722,1,1.564,1,572.4,1,1.564,1,34.722,1
7900696,2025-09-09T04:40:59Z,1,-62.3469,119.70533,8,573.4,1,34.722,1,1.566,1,573.4,1,1.566,1,34.722,1
7900696,2025-09-09T04:40:59Z,1,-62.3469,119.70533,8,574.5,1,34.723,1,1.566,1,574.5,1,1.566,1,34.723,1
7900696,2025-09-09T04:40:59Z,1,-62.3469,119.70533,8,575.5,1,34.722,1,1.56,1,575.5,1,1.56,1,34.722,1
7900696,2025-09-09T04:40:59Z,1,-62.3469,119.70533,8,576.5,1,34.722,1,1.558,1,576.5,1,1.558,1,34.722,1
7900696,2025-09-09T04:40:59Z,1,-62.3469,119.70533,8,577.5,1,34.722,1,1.557,1,577.5,1,1.557,1,34.722,1
7900696,2025-09-09T04:40:59Z,1,-62.3469,119.70533,8,578.4,1,34.723,1,1.556,1,578.4,1,1.556,1,34.723,1
7900696,2025-09-09T04:40:59Z,1,-62.3469,119.70533,8,579.4,1,34.723,1,1.556,1,579.4,1,1.556,1,34.723,1
7900696,2025-09-09T04:40:59Z,1,-62.3469,119.70533,8,580.5,1,34.723,1,1.557,1,580.5,1,1.557,1,34.723,1
7900696,2025-09-09T04:40:59Z,1,-62.3469,119.70533,8,581.4,1,34.723,1,1.557,1,581.4,1,1.557,1,34.723,1
7900696,2025-09-09T04:40:59Z,1,-62.3469,119.70533,8,582.4,1,34.723,1,1.556,1,582.4,1,1.556,1,34.723,1
7900696,2025-09-09T04:40:59Z,1,-62.3469,119.70533,8,583.5,1,34.723,1,1.553,1,583.5,1,1.553,1,34.723,1
7900696,2025-09-09T04:40:59Z,1,-62.3469,119.70533,8,584.4,1,34.723,1,1.55,1,584.4,1,1.55,1,34.723,1
7900696,2025-09-09T04:40:59Z,1,-62.3469,119.70533,8,585.4,1,34.723,1,1.545,1,585.4,1,1.545,1,34.723,1
7900696,2025-09-09T04:40:59Z,1,-62.3469,119.70533,8,586.5,1,34.723,1,1.538,1,586.5,1,1.538,1,34.723,1
7900696,2025-09-09T04:40:59Z,1,-62.3469,119.70533,8,587.4,1,34.723,1,1.536,1,587.4,1,1.536,1,34.723,1
7900696,2025-09-09T04:40:59Z,1,-62.3469,119.70533,8,588.5,1,34.723,1,1.532,1,588.5,1,1.532,1,34.723,1
7900696,2025-09-09T04:40:59Z,1,-62.3469,119.70533,8,589.5,1,34.723,1,1.53,1,589.5,1,1.53,1,34.723,1
7900696,2025-09-09T04:40:59Z,1,-62.3469,119.70533,8,590.5,1,34.723,1,1.53,1,590.5,1,1.53,1,34.723,1
7900696,2025-09-09T04:40:59Z,1,-62.3469,119.70533,8,591.4,1,34.723,1,1.529,1,591.4,1,1.529,1,34.723,1
7900696,2025-09-09T04:40:59Z,1,-62.3469,119.70533,8,592.4,1,34.723,1,1.529,1,592.4,1,1.529,1,34.723,1
7900696,2025-09-09T04:40:59Z,1,-62.3469,119.70533,8,593.4,1,34.723,1,1.528,1,593.4,1,1.528,1,34.723,1
7900696,2025-09-09T04:40:59Z,1,-62.3469,119.70533,8,594.4,1,34.723,1,1.528,1,594.4,1,1.528,1,34.723,1
7900696,2025-09-09T04:40:59Z,1,-62.3469,119.70533,8,595.5,1,34.723,1,1.528,1,595.5,1,1.528,1,34.723,1
7900696,2025-09-09T04:40:59Z,1,-62.3469,119.70533,8,596.5,1,34.723,1,1.528,1,596.5,1,1.528,1,34.723,1
7900696,2025-09-09T04:40:59Z,1,-62.3469,119.70533,8,597.4,1,34.723,1,1.528,1,597.4,1,1.528,1,34.723,1
7900696,2025-09-09T04:40:59Z,1,-62.3469,119.70533,8,598.4,1,34.723,1,1.528,1,598.4,1,1.528,1,34.723,1
7900696,2025-09-09T04:40:59Z,1,-62.3469,119.70533,8,599.4,1,34.723,1,1.528,1,599.4,1,1.528,1,34.723,1
7900696,2025-09-09T04:40:59Z,1,-62.3469,119.70533,8,600.4,1,34.723,1,1.528,1,600.4,1,1.528,1,34.723,1
7900696,2025-09-09T04:40:59Z,1,-62.3469,119.70533,8,601.4,1,34.723,1,1.526,1,601.4,1,1.526,1,34.723,1
7900696,2025-09-09T04:40:59Z,1,-62.3469,119.70533,8,602.4,1,34.723,1,1.525,1,602.4,1,1.525,1,34.723,1
7900696,2025-09-09T04:40:59Z,1,-62.3469,119.70533,8,603.5,1,34.723,1,1.524,1,603.5,1,1.524,1,34.723,1
7900696,2025-09-09T04:40:59Z,1,-62.3469,119.70533,8,604.5,1,34.723,1,1.524,1,604.5,1,1.524,1,34.723,1
7900696,2025-09-09T04:40:59Z,1,-62.3469,119.70533,8,605.5,1,34.723,1,1.524,1,605.5,1,1.524,1,34.723,1
7900696,2025-09-09T04:40:59Z,1,-62.3469,119.70533,8,606.5,1,34.723,1,1.523,1,606.5,1,1.523,1,34.723,1
7900696,2025-09-09T04:40:59Z,1,-62.3469,119.70533,8,607.5,1,34.723,1,1.522,1,607.5,1,1.522,1,34.723,1
7900696,2025-09-09T04:40:59Z,1,-62.3469,119.70533,8,608.5,1,34.723,1,1.522,1,608.5,1,1.522,1,34.723,1
7900696,2025-09-09T04:40:59Z,1,-62.3469,119.70533,8,609.5,1,34.724,1,1.521,1,609.5,1,1.521,1,34.724,1
7900696,2025-09-09T04:40:59Z,1,-62.3469,119.70533,8,610.5,1,34.724,1,1.521,1,610.5,1,1.521,1,34.724,1
7900696,2025-09-09T04:40:59Z,1,-62.3469,119.70533,8,611.4,1,34.724,1,1.521,1,611.4,1,1.521,1,34.724,1
7900696,2025-09-09T04:40:59Z,1,-62.3469,119.70533,8,612.4,1,34.724,1,1.521,1,612.4,1,1.521,1,34.724,1
7900696,2025-09-09T04:40:59Z,1,-62.3469,119.70533,8,613.4,1,34.724,1,1.521,1,613.4,1,1.521,1,34.724,1
7900696,2025-09-09T04:40:59Z,1,-62.3469,119.70533,8,614.4,1,34.724,1,1.52,1,614.4,1,1.52,1,34.724,1
7900696,2025-09-09T04:40:59Z,1,-62.3469,119.70533,8,615.5,1,34.724,1,1.52,1,615.5,1,1.52,1,34.724,1
7900696,2025-09-09T04:40:59Z,1,-62.3469,119.70533,8,616.4,1,34.724,1,1.52,1,616.4,1,1.52,1,34.724,1
7900696,2025-09-09T04:40:59Z,1,-62.3469,119.70533,8,617.5,1,34.724,1,1.519,1,617.5,1,1.519,1,34.724,1
7900696,2025-09-09T04:40:59Z,1,-62.3469,119.70533,8,618.5,1,34.724,1,1.517,1,618.5,1,1.517,1,34.724,1
7900696,2025-09-09T04:40:59Z,1,-62.3469,119.70533,8,619.5,1,34.724,1,1.514,1,619.5,1,1.514,1,34.724,1
7900696,2025-09-09T04:40:59Z,1,-62.3469,119.70533,8,620.5,1,34.724,1,1.513,1,620.5,1,1.513,1,34.724,1
7900696,2025-09-09T04:40:59Z,1,-62.3469,119.70533,8,621.5,1,34.723,1,1.516,1,621.5,1,1.516,1,34.723,1
7900696,2025-09-09T04:40:59Z,1,-62.3469,119.70533,8,622.5,1,34.724,1,1.515,1,622.5,1,1.515,1,34.724,1
7900696,2025-09-09T04:40:59Z,1,-62.3469,119.70533,8,623.5,1,34.724,1,1.514,1,623.5,1,1.514,1,34.724,1
7900696,2025-09-09T04:40:59Z,1,-62.3469,119.70533,8,624.5,1,34.724,1,1.514,1,624.5,1,1.514,1,34.724,1
7900696,2025-09-09T04:40:59Z,1,-62.3469,119.70533,8,625.4,1,34.724,1,1.514,1,625.4,1,1.514,1,34.724,1
7900696,2025-09-09T04:40:59Z,1,-62.3469,119.70533,8,626.5,1,34.724,1,1.515,1,626.5,1,1.515,1,34.724,1
7900696,2025-09-09T04:40:59Z,1,-62.3469,119.70533,8,627.5,1,34.724,1,1.515,1,627.5,1,1.515,1,34.724,1
7900696,2025-09-09T04:40:59Z,1,-62.3469,119.70533,8,628.4,1,34.724,1,1.516,1,628.4,1,1.516,1,34.724,1
7900696,2025-09-09T04:40:59Z,1,-62.3469,119.70533,8,629.4,1,34.724,1,1.517,1,629.4,1,1.517,1,34.724,1
7900696,2025-09-09T04:40:59Z,1,-62.3469,119.70533,8,630.5,1,34.724,1,1.516,1,630.5,1,1.516,1,34.724,1
7900696,2025-09-09T04:40:59Z,1,-62.3469,119.70533,8,631.5,1,34.724,1,1.516,1,631.5,1,1.516,1,34.724,1
7900696,2025-09-09T04:40:59Z,1,-62.3469,119.70533,8,632.5,1,34.724,1,1.516,1,632.5,1,1.516,1,34.724,1
7900696,2025-09-09T04:40:59Z,1,-62.3469,119.70533,8,633.4,1,34.724,1,1.515,1,633.4,1,1.515,1,34.724,1
7900696,2025-09-09T04:40:59Z,1,-62.3469,119.70533,8,634.5,1,34.724,1,1.512,1,634.5,1,1.512,1,34.724,1
7900696,2025-09-09T04:40:59Z,1,-62.3469,119.70533,8,635.4,1,34.724,1,1.511,1,635.4,1,1.511,1,34.724,1
7900696,2025-09-09T04:40:59Z,1,-62.3469,119.70533,8,636.4,1,34.724,1,1.509,1,636.4,1,1.509,1,34.724,1
7900696,2025-09-09T04:40:59Z,1,-62.3469,119.70533,8,637.5,1,34.724,1,1.508,1,637.5,1,1.508,1,34.724,1
7900696,2025-09-09T04:40:59Z,1,-62.3469,119.70533,8,638.5,1,34.724,1,1.506,1,638.5,1,1.506,1,34.724,1
7900696,2025-09-09T04:40:59Z,1,-62.3469,119.70533,8,639.5,1,34.724,1,1.505,1,639.5,1,1.505,1,34.724,1
7900696,2025-09-09T04:40:59Z,1,-62.3469,119.70533,8,640.4,1,34.724,1,1.504,1,640.4,1,1.504,1,34.724,1
7900696,2025-09-09T04:40:59Z,1,-62.3469,119.70533,8,641.5,1,34.725,1,1.501,1,641.5,1,1.501,1,34.725,1
7900696,2025-09-09T04:40:59Z,1,-62.3469,119.70533,8,642.5,1,34.724,1,1.501,1,642.5,1,1.501,1,34.724,1
7900696,2025-09-09T04:40:59Z,1,-62.3469,119.70533,8,643.4,1,34.724,1,1.5,1,643.4,1,1.5,1,34.724,1
7900696,2025-09-09T04:40:59Z,1,-62.3469,119.70533,8,644.5,1,34.724,1,1.5,1,644.5,1,1.5,1,34.724,1
7900696,2025-09-09T04:40:59Z,1,-62.3469,119.70533,8,645.5,1,34.725,1,1.5,1,645.5,1,1.5,1,34.725,1
7900696,2025-09-09T04:40:59Z,1,-62.3469,119.70533,8,646.5,1,34.725,1,1.5,1,646.5,1,1.5,1,34.725,1
7900696,2025-09-09T04:40:59Z,1,-62.3469,119.70533,8,647.4,1,34.725,1,1.5,1,647.4,1,1.5,1,34.725,1
7900696,2025-09-09T04:40:59Z,1,-62.3469,119.70533,8,648.4,1,34.725,1,1.5,1,648.4,1,1.5,1,34.725,1
7900696,2025-09-09T04:40:59Z,1,-62.3469,119.70533,8,649.4,1,34.725,1,1.499,1,649.4,1,1.499,1,34.725,1
7900696,2025-09-09T04:40:59Z,1,-62.3469,119.70533,8,650.4,1,34.725,1,1.498,1,650.4,1,1.498,1,34.725,1
7900696,2025-09-09T04:40:59Z,1,-62.3469,119.70533,8,651.5,1,34.725,1,1.497,1,651.5,1,1.497,1,34.725,1
7900696,2025-09-09T04:40:59Z,1,-62.3469,119.70533,8,652.5,1,34.725,1,1.495,1,652.5,1,1.495,1,34.725,1
7900696,2025-09-09T04:40:59Z,1,-62.3469,119.70533,8,653.5,1,34.725,1,1.492,1,653.5,1,1.492,1,34.725,1
7900696,2025-09-09T04:40:59Z,1,-62.3469,119.70533,8,654.5,1,34.725,1,1.492,1,654.5,1,1.492,1,34.725,1
7900696,2025-09-09T04:40:59Z,1,-62.3469,119.70533,8,655.4,1,34.725,1,1.491,1,655.4,1,1.491,1,34.725,1
7900696,2025-09-09T04:40:59Z,1,-62.3469,119.70533,8,656.4,1,34.725,1,1.49,1,656.4,1,1.49,1,34.725,1
7900696,2025-09-09T04:40:59Z,1,-62.3469,119.70533,8,657.4,1,34.725,1,1.489,1,657.4,1,1.489,1,34.725,1
7900696,2025-09-09T04:40:59Z,1,-62.3469,119.70533,8,658.4,1,34.725,1,1.487,1,658.4,1,1.487,1,34.725,1
7900696,2025-09-09T04:40:59Z,1,-62.3469,119.70533,8,659.4,1,34.725,1,1.485,1,659.4,1,1.485,1,34.725,1
7900696,2025-09-09T04:40:59Z,1,-62.3469,119.70533,8,660.4,1,34.725,1,1.485,1,660.4,1,1.485,1,34.725,1
7900696,2025-09-09T04:40:59Z,1,-62.3469,119.70533,8,661.4,1,34.726,1,1.484,1,661.4,1,1.484,1,34.726,1
7900696,2025-09-09T04:40:59Z,1,-62.3469,119.70533,8,662.4,1,34.726,1,1.483,1,662.4,1,1.483,1,34.726,1
7900696,2025-09-09T04:40:59Z,1,-62.3469,119.70533,8,663.5,1,34.726,1,1.482,1,663.5,1,1.482,1,34.726,1
7900696,2025-09-09T04:40:59Z,1,-62.3469,119.70533,8,664.5,1,34.726,1,1.482,1,664.5,1,1.482,1,34.726,1
7900696,2025-09-09T04:40:59Z,1,-62.3469,119.70533,8,665.4,1,34.726,1,1.482,1,665.4,1,1.482,1,34.726,1
7900696,2025-09-09T04:40:59Z,1,-62.3469,119.70533,8,666.4,1,34.726,1,1.481,1,666.4,1,1.481,1,34.726,1
7900696,2025-09-09T04:40:59Z,1,-62.3469,119.70533,8,667.5,1,34.726,1,1.479,1,667.5,1,1.479,1,34.726,1
7900696,2025-09-09T04:40:59Z,1,-62.3469,119.70533,8,668.4,1,34.726,1,1.478,1,668.4,1,1.478,1,34.726,1
7900696,2025-09-09T04:40:59Z,1,-62.3469,119.70533,8,669.4,1,34.726,1,1.477,1,669.4,1,1.477,1,34.726,1
7900696,2025-09-09T04:40:59Z,1,-62.3469,119.70533,8,670.5,1,34.726,1,1.477,1,670.5,1,1.477,1,34.726,1
7900696,2025-09-09T04:40:59Z,1,-62.3469,119.70533,8,671.5,1,34.726,1,1.477,1,671.5,1,1.477,1,34.726,1
7900696,2025-09-09T04:40:59Z,1,-62.3469,119.70533,8,672.5,1,34.726,1,1.476,1,672.5,1,1.476,1,34.726,1
7900696,2025-09-09T04:40:59Z,1,-62.3469,119.70533,8,673.5,1,34.726,1,1.475,1,673.5,1,1.475,1,34.726,1
7900696,2025-09-09T04:40:59Z,1,-62.3469,119.70533,8,674.5,1,34.726,1,1.474,1,674.5,1,1.474,1,34.726,1
7900696,2025-09-09T04:40:59Z,1,-62.3469,119.70533,8,675.5,1,34.727,1,1.472,1,675.5,1,1.472,1,34.727,1
7900696,2025-09-09T04:40:59Z,1,-62.3469,119.70533,8,676.5,1,34.727,1,1.473,1,676.5,1,1.473,1,34.727,1
7900696,2025-09-09T04:40:59Z,1,-62.3469,119.70533,8,677.5,1,34.727,1,1.474,1,677.5,1,1.474,1,34.727,1
7900696,2025-09-09T04:40:59Z,1,-62.3469,119.70533,8,678.5,1,34.727,1,1.473,1,678.5,1,1.473,1,34.727,1
7900696,2025-09-09T04:40:59Z,1,-62.3469,119.70533,8,679.4,1,34.727,1,1.473,1,679.4,1,1.473,1,34.727,1
7900696,2025-09-09T04:40:59Z,1,-62.3469,119.70533,8,680.4,1,34.727,1,1.474,1,680.4,1,1.474,1,34.727,1
7900696,2025-09-09T04:40:59Z,1,-62.3469,119.70533,8,681.4,1,34.727,1,1.473,1,681.4,1,1.473,1,34.727,1
7900696,2025-09-09T04:40:59Z,1,-62.3469,119.70533,8,682.3,1,34.727,1,1.473,1,682.3,1,1.473,1,34.727,1
