ObjectClass,Redshift,u,g,r,i,z,err_u,err_g,err_r,err_i,err_z,Teff,logg,FeH
STAR,-3.107.155,2.117.036,2.037.938,2.001.649,1.990.397,1.969.316,7.601.939,3.257.922,2.519.422,3.441.473,5.930.586,-9999,-9999,-9999
STAR,-2.514.536,2.232.892,2.028.886,1.934.361,1.893.302,1.878.264,2.095.283,2.744.251,2.168.393,257.943,4.193.475,-9999,-9999,-9999
STAR,-2.050.996,2.155.785,2.070.959,202.185,2.007.499,1.987.655,1.204.409,2.848.005,3.112.466,3.420.328,8.556.871,-9999,-9999,-9999
STAR,-3.106.778,2.354.688,242.424,2.209.013,2.110.877,2.055.419,4.795.661,3.528.529,8.818.488,5.255.603,1.405.157,-9999,-9999,-9999
STAR,-3.112.011,2.455.527,228.508,203.663,1.887.594,176.808,7.097.375,1.184.579,2.733.934,1.749.848,2.054.603,-9999,-9999,-9999
STAR,-2.201.944,2.452.368,2.149.737,1.914.787,1.760.929,1.652.156,5.746.443,4.672.527,2.096.509,2.263.649,2.273.533,-9999,-9999,-9999
STAR,-3.096.161,2.496.449,2.213.219,1.998.456,1.848.167,1.742.759,5.660.772,7.321.332,2.227.978,1.876.391,1.650.927,-9999,-9999,-9999
STAR,-2.646.156,2.205.802,2.069.881,1.793.002,1.606.575,1.456.789,1.359.653,2.443.378,1.209.426,1.130.426,1.720.374,-9999,-9999,-9999
STAR,-2.647.597,2.395.849,2.282.154,2.010.473,1.828.155,1.706.161,6.959.673,1.325.543,2.677.645,1.373.559,1.882.235,-9999,-9999,-9999
STAR,-3.333.092,2.312.696,2.088.177,1.898.408,1.776.384,1.681.351,1.023.042,3.150.022,1.553.971,2.673.106,2.082.308,-9999,-9999,-9999
STAR,-2.187.992,2.456.644,2.362.178,2.316.667,224.791,2.199.644,7.612.658,2.491.373,2.277.101,1.816.265,3.933.239,-9999,-9999,-9999
STAR,-2.562.682,247.055,2.431.242,2.328.076,2.088.686,1.900.841,9.806.631,4.211.532,363.893,6.790.154,5.187.815,-9999,-9999,-9999
STAR,-3.523.541,1.897.023,1.894.576,1.924.395,1.954.334,1.984.396,2.949.867,1.811.676,1.733.751,2.384.101,7.509.875,-9999,-9999,-9999
STAR,-3.530.775,2.347.692,2.413.461,2.094.243,1.917.838,178.351,502.178,3.629.116,3.930.064,2.728.776,2.824.679,-9999,-9999,-9999
STAR,-3.544.649,2.427.951,2.325.126,2.259.731,2.209.523,2.120.025,7.296.576,164.601,1.406.527,1.543.619,2.613.068,-9999,-9999,-9999
STAR,-3.584.648,2.556.006,230.963,2.078.854,1.942.844,1.847.648,7.517.211,1.771.369,358.749,211.194,2.482.413,-9999,-9999,-9999
STAR,-358.749,2.431.144,2.239.778,1.977.883,1.809.068,1.687.899,5.660.446,8.634.302,2.402.334,24.563,1.374.159,-9999,-9999,-9999
STAR,-3.794.951,229.529,2.325.542,1.990.585,1.734.734,1.526.201,3.083.977,2.158.351,2.182.154,1.482.976,1.707.612,-9999,-9999,-9999
STAR,-3.860.188,2.381.514,226.108,2.103.935,2.040.881,1.995.619,6.117.809,1.245.059,6.453.509,5.418.446,1.175.416,-9999,-9999,-9999
STAR,-4.020.396,2.060.626,1.960.652,1.924.976,190.742,1.902.231,6.618.346,2.383.958,1.656.632,1.943.207,4.218.087,-9999,-9999,-9999
STAR,-4.136.076,1.755.663,1.755.563,1.789.714,1.817.735,1.842.341,1.673.418,1.399.034,1.839.454,2.081.672,3.010.057,-9999,-9999,-9999
STAR,-1.759.664,1.675.739,1.592.373,1.544.834,1.533.664,1.530.095,1.548.997,150.065,9.057.456,1.056.317,1.621.928,6.415.069,3.597.023,-1.618.079
STAR,-1.814.903,2.119.118,2.039.808,2.005.215,2.001.312,1.993.843,8.172.337,2.504.304,2.279.361,2.972.979,9.375.186,-9999,-9999,-9999
STAR,-1.935.453,1.925.158,1.826.869,1.796.729,1.787.995,1.785.589,2.608.382,1.818.967,1.392.842,1.725.525,2.952.078,5.945.415,3.490.581,-2.901.499
STAR,-2.431.169,2.122.143,202.676,1.994.589,1.978.461,1.980.193,848.017,2.343.541,2.406.874,2.676.066,7.231.588,-9999,-9999,-9999
STAR,-3.010.864,2.458.683,2.353.444,2.189.622,2.060.729,1.985.541,9.635.482,2.736.806,9.652.822,5.233.633,1.005.945,-9999,-9999,-9999
STAR,-1.775.342,193.201,1.821.041,1.829.812,1.841.604,1.852.592,3.196.831,1.744.781,2.258.931,2.368.195,3.435.736,8.549.445,3.781.821,-1.408.401
STAR,-1.738.021,2.009.596,1.897.646,1.864.742,1.854.261,1.850.002,4.254.659,4.011.765,7.111.092,1.058.499,1.278.017,6.136.994,306.045,-1.703.087
STAR,-1.938.123,1.851.941,174.582,1.737.305,1.740.024,1.743.919,2.145.121,1.154.527,1.707.937,1.646.493,2.006.478,7.511.314,4.193.849,-1.937.807
STAR,-1.785.955,1.900.575,1.910.829,1.942.623,1.963.415,1.994.618,2.552.065,1.403.145,1.727.012,2.425.449,868.658,-9999,-9999,-9999
STAR,-2.030.709,2.075.453,1.984.574,1.946.894,1.936.089,1.936.153,5.646.069,1.752.019,1.895.957,3.979.402,1.102.451,-9999,-9999,-9999
STAR,-1.757.504,2.182.144,2.048.981,1.994.805,1.977.077,1.963.439,1.208.144,2.421.623,2.033.471,2.888.223,6.329.219,-9999,-9999,-9999
STAR,-3.108.696,234.183,2.165.615,2.074.635,2.017.423,1.966.532,7.386.714,6.725.314,4.575.984,3.886.244,977.667,-9999,-9999,-9999
STAR,-2.196.156,2.220.991,2.116.456,2.028.476,198.215,1.954.066,2.957.472,4.248.181,3.672.219,3.130.163,8.982.609,-9999,-9999,-9999
STAR,-1.958.602,2.383.064,2.353.816,2.188.222,2.091.871,2.062.296,633.966,2.835.811,9.447.792,5.800.672,1.444.617,-9999,-9999,-9999
STAR,-2.566.861,2.380.461,2.180.577,2.030.121,1.913.279,1.855.652,6.287.593,5.509.783,2.738.156,1.866.712,2.801.411,-9999,-9999,-9999
STAR,-2.022.316,220.243,2.095.976,203.811,2.008.168,1.973.899,1.794.846,3.109.502,252.945,2.904.916,7.218.222,-9999,-9999,-9999
STAR,-2.138.087,1.868.105,182.612,183.424,1.840.952,1.822.294,2.372.323,2.055.457,1.917.707,2.314.623,358.346,-9999,-9999,-9999
STAR,-3.337.567,2.364.373,2.238.253,2.037.018,1.984.473,1.970.303,4.464.032,9.328.414,3.232.736,3.002.135,869.216,-9999,-9999,-9999
STAR,-1.988.676,1.823.499,1.790.774,180.345,1.817.046,1.841.842,1.872.449,1.713.093,1.177.642,1.462.913,3.332.992,-9999,-9999,-9999
STAR,-1.951.905,1.823.499,1.790.774,180.345,1.817.046,1.841.842,1.872.449,1.713.093,1.177.642,1.462.913,3.332.992,-9999,-9999,-9999
STAR,-1.914.495,2.018.023,204.283,2.092.746,2.128.592,2.160.448,3.973.247,2.342.748,4.032.909,6.583.361,3.195.547,-9999,-9999,-9999
STAR,-2.178.513,1.929.354,1.913.724,1.947.371,1.974.434,1.997.638,307.085,2.500.032,1.676.248,2.410.822,1.025.571,-9999,-9999,-9999
STAR,-1.734.532,1.838.904,1.791.128,1.771.777,1.770.073,1.776.359,2.355.862,2.357.563,1.151.357,1.494.173,2.323.723,-9999,-9999,-9999
STAR,-1.975.661,1.824.873,1.813.715,1.774.702,1.769.064,1.777.554,2.097.379,1.478.369,9.133.154,1.962.399,2.568.615,-9999,-9999,-9999
STAR,-1.769.982,1.824.873,1.813.715,1.774.702,1.769.064,1.777.554,2.097.379,1.478.369,9.133.154,1.962.399,2.568.615,-9999,-9999,-9999
STAR,-1.765.928,1.950.233,1.840.909,1.844.015,1.847.775,1.855.199,3.342.402,179.436,1.384.128,1.654.667,2.877.225,8.369.629,4.496.488,-4.378.263
STAR,-2.152.979,2.476.002,2.281.701,2.174.184,204.293,1.971.823,1.209.845,2.028.275,1.013.879,4.460.346,1.017.544,-9999,-9999,-9999
STAR,-2.893.098,1.854.811,1.908.384,1.953.121,1.986.982,2.022.885,1.884.945,1.661.354,1.805.782,3.151.591,1.379.474,-9999,-9999,-9999
STAR,-1.890.542,2.039.339,2.048.977,2.055.748,2.043.918,2.010.196,4.903.333,2.679.428,3.258.646,4.125.928,1.026.343,-9999,-9999,-9999
STAR,-2.888.325,1.929.706,1.970.347,202.168,2.050.543,2.086.076,2.967.814,1.443.633,2.155.034,3.601.988,1.660.879,-9999,-9999,-9999
STAR,-3.091.846,2.444.958,2.117.528,2.050.279,2.024.827,2.011.843,9.801.109,4.198.496,3.038.415,3.710.209,129.479,-9999,-9999,-9999
STAR,-3.341.913,2.371.888,2.169.103,1.897.319,1.708.255,1.562.269,4.575.081,529.394,1.364.929,1.313.235,1.245.838,-9999,-9999,-9999
STAR,-2.178.285,2.335.976,2.318.722,2.055.599,1.887.902,1.761.454,3.660.475,1.657.346,3.091.921,1.786.041,2.711.427,-9999,-9999,-9999
STAR,-309.258,2.454.777,2.315.572,208.194,1.913.565,1.778.852,6.265.574,2.170.009,3.438.185,1.341.614,1.986.952,-9999,-9999,-9999
STAR,-2.145.141,2.505.844,2.271.232,1.989.753,1.831.644,1.718.541,5.791.268,1.112.325,1.960.393,1.686.137,1.919.857,-9999,-9999,-9999
STAR,-2.164.497,2.423.816,2.340.343,2.087.492,1.945.986,1.855.246,6.016.273,1.900.942,3.467.619,1.997.232,3.093.674,-9999,-9999,-9999
STAR,-3.339.842,2.483.035,2.361.159,2.115.546,1.961.078,1.852.301,5.897.361,2.466.009,4.331.837,2.410.395,3.189.984,-9999,-9999,-9999
STAR,-2.514.852,2.314.309,240.672,1.999.777,1.738.128,1.531.963,2.887.795,3.379.688,22.593,172.208,1.392.892,-9999,-9999,-9999
STAR,-2.909.572,2.463.598,2.240.115,2.000.289,1.851.033,1.724.577,5.717.174,8.352.582,2.243.164,2.043.048,1.714.289,-9999,-9999,-9999
STAR,-265.061,2.550.197,2.422.678,2.123.778,1.934.446,1.798.009,4.483.716,3.970.723,4.963.836,2.216.996,2.502.321,-9999,-9999,-9999
STAR,-3.102.487,2.532.873,2.162.018,1.941.122,1.798.133,1.694.543,7.879.016,5.975.157,2.359.731,1.526.337,2.135.734,-9999,-9999,-9999
STAR,-2.113.479,1.794.455,176.206,1.778.315,1.795.916,1.811.326,2.399.492,2.730.913,1.826.279,125.303,363.242,-9999,-9999,-9999
STAR,-2.405.539,2.447.224,2.349.693,2.063.603,1.909.233,1.802.847,7.717.426,2.648.721,379.747,1.884.145,2.804.398,-9999,-9999,-9999
STAR,-2.612.831,2.207.569,2.048.577,1.959.393,1.924.151,1.904.293,2.171.734,2.682.605,2.438.176,1.959.525,4.474.071,-9999,-9999,-9999
STAR,-2.408.154,2.245.384,2.156.708,2.113.202,2.105.047,2.078.196,2.569.354,5.267.479,4.733.339,5.920.384,1.427.943,-9999,-9999,-9999
STAR,-2.752.929,2.399.059,2.142.104,2.008.867,1.905.833,1.848.002,8.127.123,4.786.616,2.608.479,2.283.511,3.385.987,-9999,-9999,-9999
STAR,-1.971.788,2.148.011,2.078.813,203.316,2.011.843,2.015.762,1.078.367,2.781.195,2.619.285,3.310.473,999.725,-9999,-9999,-9999
STAR,-1.739.267,1.842.124,1.851.499,1.879.801,1.907.632,1.943.526,2.244.437,1.299.828,1.189.349,2.815.662,6.009.123,-9999,-9999,-9999
STAR,-1.863.093,2.166.399,2.068.862,203.779,2.026.238,2.037.881,1.370.721,3.070.061,2.727.702,3.374.789,1.303.324,-9999,-9999,-9999
STAR,-1.922.377,1.979.745,1.882.747,185.686,1.843.682,184.432,3.634.592,1.501.405,1.327.218,1.783.765,3.039.339,6.319.439,3.332.879,-2.979.697
STAR,-2.882.393,2.056.087,2.018.593,1.988.393,199.055,1.980.159,5.645.488,2.909.706,220.381,3.119.173,9.335.863,-9999,-9999,-9999
STAR,-1.731.509,1.963.984,1.870.882,1.843.419,1.831.651,1.821.324,3.143.072,2.755.909,1.982.237,2.214.781,2.804.081,6272.24,3.306.915,-1.747.577
STAR,-2.171.817,2.316.066,2.065.998,2.042.934,2.027.826,2.019.355,963.044,4.573.566,3.948.433,5.008.518,1.867.114,-9999,-9999,-9999
STAR,-3.111.015,2.306.161,2.531.761,2.157.146,2.028.178,1.983.552,6.945.311,1.139.496,1.366.753,6.485.825,139.937,-9999,-9999,-9999
STAR,-1.971.035,2.046.579,2.042.873,2.081.356,2.106.142,2.089.573,4.206.297,2.147.347,3.313.105,4.915.662,167.207,-9999,-9999,-9999
STAR,-3.111.569,2.323.104,2.358.958,2.125.919,2.008.269,1.938.466,5.842.162,3.410.223,5.521.988,3.055.961,7.122.716,-9999,-9999,-9999
STAR,-1.743.369,1.963.286,1.863.985,1.840.566,1.819.819,1.815.937,3.530.249,1.601.276,1.260.529,1.788.491,2.618.961,6.077.602,4.332.653,-1.615.963
STAR,-1.737.776,2.061.254,2.027.362,2.028.317,2.047.101,2.039.744,5.922.843,3.047.113,2.917.176,5.588.856,1.902.082,-9999,-9999,-9999
STAR,-243.759,2.247.037,2.076.019,2.016.749,1.995.634,1.963.135,2.468.863,3.261.279,2.175.836,3.049.937,7.955.442,-9999,-9999,-9999
STAR,-2.647.187,2.124.346,2.039.563,1.991.481,1.971.577,1.971.693,9.009.878,2.937.203,2.168.014,2.801.584,8.810.897,-9999,-9999,-9999
STAR,-2.653.624,2.015.503,1.911.803,1.879.946,1.865.192,1.866.102,4.058.854,1.674.247,1.923.528,1.830.867,4.346.588,-9999,-9999,-9999
STAR,-2.172.865,206.853,1.990.289,1.957.427,1.948.077,1.944.305,6.839.299,1.934.638,1.790.692,2.076.329,6.556.907,-9999,-9999,-9999
STAR,-303.766,1.877.766,1.843.402,1.874.161,1.894.597,1.925.389,2.941.356,1.894.543,1.753.135,230.632,6.125.608,8.037.818,3.474.538,-2.533.589
STAR,-2.265.794,1.984.329,1.970.813,1.999.773,2.029.623,2.050.506,3.727.153,2.201.682,3.312.724,4.793.184,1.825.128,-9999,-9999,-9999
STAR,-2.420.128,2.185.485,2.061.142,2.034.683,2.008.606,1.998.565,167.823,370.146,3.555.062,332.715,1.021.131,-9999,-9999,-9999
STAR,-3.281.494,2.255.291,1.989.535,1.851.732,1.783.888,1.749.128,1.976.166,2.755.448,1.343.702,1.403.454,2.350.529,-9999,-9999,-9999
STAR,-2.975.116,2.383.978,249.526,2.414.936,2.106.492,1.949.668,5.229.478,4.703.552,4.557.609,5.509.694,6.109.296,-9999,-9999,-9999
STAR,-2.506.767,2.081.539,1.920.423,1.833.072,1.794.489,1.757.033,5.522.598,2.288.042,1.401.686,15.799,2.157.907,-9999,-9999,-9999
STAR,-3.394.406,2.171.111,1.997.326,1.904.179,1.860.609,1.816.208,1.444.418,2.230.472,2.019.927,2.939.464,2.529.407,-9999,-9999,-9999
STAR,-2.884.195,2.233.445,211.602,2.047.531,2.018.491,2.023.018,1.839.856,4.028.085,2.998.776,3.513.119,1.042.694,-9999,-9999,-9999
STAR,-3.504.578,2.314.156,2.135.611,1.994.708,1.935.968,1.891.814,3.586.309,3.564.872,2.074.737,2.192.114,4.798.548,-9999,-9999,-9999
STAR,-3.555.795,2.035.053,1.960.118,1.937.724,1.933.025,1.927.642,4.019.267,200.007,1.732.801,2.024.669,4.841.359,-9999,-9999,-9999
STAR,-3.557.524,2.480.487,2.307.225,2.050.418,1.874.546,173.615,7.206.522,1.617.925,2.881.758,2.008.961,2.092.658,-9999,-9999,-9999
STAR,-3.560.331,2.517.422,2.186.526,2.065.642,2.021.081,1.977.393,7.330.057,603.289,3.135.797,3.108.647,7.431.617,-9999,-9999,-9999
STAR,-3.561.249,1.913.169,1.861.842,1.846.919,1.840.281,1.849.087,2.819.915,1.485.372,1.633.701,1.546.832,3.232.873,-9999,-9999,-9999
STAR,-3.569.927,1.959.966,1.906.125,1.886.629,1.880.749,188.637,2.645.157,1.844.452,1.969.034,1.323.424,3.418.361,-9999,-9999,-9999
STAR,-3.578.389,2.386.253,2.247.894,2.144.599,2.079.241,2.012.369,5.541.913,1.953.034,1.462.281,9.899.873,1.132.012,-9999,-9999,-9999
STAR,-3.580.701,2.165.646,2.103.675,2.022.078,1.960.215,1.934.659,1.602.875,3.597.273,2.649.962,2.369.682,5.488.939,-9999,-9999,-9999
STAR,-3.602.751,22.11,1.966.803,1.823.381,1.725.985,1.680.765,1.388.082,2.071.374,251.086,1.917.245,2.688.733,-9999,-9999,-9999
GALAXY,5.265.867,2.095.082,199.324,195.894,1.914.601,190.319,7.063.727,2.168.041,199.216,214.541,4.748.938,-9999,-9999,-9999
GALAXY,3.712.488,2.321.058,2.136.191,1.960.473,1.894.129,185.434,3.393.736,4.836.322,2.017.261,1.994.933,3.293.219,-9999,-9999,-9999
GALAXY,2.042.369,2.214.462,2.024.165,1.882.419,1.839.242,1.799.208,1.669.364,2.160.569,2.077.201,2.771.322,2.477.126,-9999,-9999,-9999
GALAXY,2.059.107,2.177.868,1.998.585,1.862.141,1.808.046,1.770.781,1.457.086,1.955.996,1.680.027,1.638.377,1.820.706,-9999,-9999,-9999
GALAXY,1.146.981,1.990.673,1.892.868,1.832.386,1.790.634,1.764.543,328.048,1.347.903,1.358.481,1.526.506,1.767.254,-9999,-9999,-9999
GALAXY,5.657.594,2.068.615,1.892.045,1.790.598,1.739.371,1.700.927,5.574.489,1.701.218,1.089.047,1.398.802,183.375,-9999,-9999,-9999
GALAXY,1.245.161,2.186.145,1.985.615,1.867.818,1.816.042,1.776.568,1.436.086,2.039.036,1.231.097,1.501.104,2.286.941,-9999,-9999,-9999
GALAXY,1.314.198,2.352.718,2.067.857,1.953.455,190.215,1.866.298,3.553.584,2.839.523,1.661.315,1.786.797,3.478.479,-9999,-9999,-9999
GALAXY,8.316.904,2.207.637,2.120.291,2.014.118,1.956.353,1.911.282,1.712.191,4.183.996,2.586.209,2.644.501,4.598.978,-9999,-9999,-9999
GALAXY,6.244.991,2.323.153,2.128.341,2.051.592,2.011.678,1.979.039,4.079.656,4.312.125,3.025.685,330.863,8.339.019,-9999,-9999,-9999
GALAXY,1.260.151,2.181.874,1.968.836,1.837.579,1.779.789,1.737.458,1.898.315,1.735.889,1.528.676,1.534.815,2.398.429,-9999,-9999,-9999
GALAXY,6.592.802,2.074.212,1.902.414,1.819.344,1.785.706,1.748.538,7.280.096,1.595.158,1.522.589,1.787.378,2.082.081,-9999,-9999,-9999
GALAXY,3.002.294,2.063.414,2.034.154,1.992.876,2.031.778,1.985.113,5.924.051,2.340.768,2.412.127,3.765.934,8.331.182,-9999,-9999,-9999
GALAXY,4.080.323,2.089.679,1.992.815,1.980.925,1.965.622,1.954.979,7.345.852,2.165.953,2.564.907,3.221.153,8.396.185,-9999,-9999,-9999
GALAXY,2.038.898,2.183.318,198.554,1.849.409,1.798.773,1.757.402,1.540.633,2.040.683,1.937.419,1.881.437,193.933,-9999,-9999,-9999
GALAXY,3.580.831,1.975.275,1.862.902,1.804.877,1.763.994,1.736.659,3.101.522,1.502.111,1.095.235,121.991,1.859.735,-9999,-9999,-9999
GALAXY,1.302.733,2.158.723,1.973.549,1.842.889,1.779.276,1.735.309,1.362,182.808,1.154.872,1.242.274,1.841.302,-9999,-9999,-9999
GALAXY,5.665.967,2.128.308,1.914.058,1.805.028,1.751.255,1.716.772,8.680.858,1.556.913,1.425.289,1.578.884,2.383.215,-9999,-9999,-9999
GALAXY,1.210.181,2.111.892,1.907.466,180.047,174.854,1.712.381,7.826.201,1.589.667,1.083.043,1.205.098,172.627,-9999,-9999,-9999
GALAXY,1.321.261,2.165.438,1.949.938,1.836.752,1.771.295,1.742.542,1.108.736,1.745.642,1.718.636,1.780.858,1.893.168,-9999,-9999,-9999
GALAXY,1.206.084,2.159.932,2.030.085,1.942.238,1.894.794,1.858.148,1.128.865,2.288.823,1.757.852,17.328,3.362.886,-9999,-9999,-9999
GALAXY,130.504,2.160.044,1.938.157,1.822.631,1.771.074,1.732.181,111.838,1.711.724,1.215.763,1.317.271,1.852.171,-9999,-9999,-9999
GALAXY,6.934.141,2.197.738,2.039.713,194.183,1.875.818,1.844.763,144.784,2.446.339,2.005.094,2.000.004,3.004.758,-9999,-9999,-9999
GALAXY,1.536.002,2.151.521,1.946.773,1.826.685,1.779.899,1.734.436,1.064.999,2.584.548,1.328.563,1.487.225,2.587.534,-9999,-9999,-9999
GALAXY,6.770.252,2.161.118,198.584,1.910.624,1.872.232,1.838.631,1.315.157,2.028.467,1.610.168,157.576,3.210.485,-9999,-9999,-9999
GALAXY,3.689.286,2.479.774,2.232.455,2.043.143,1.977.168,1.929.181,9.631.412,9.966.938,3.103.387,2.579.733,5.188.156,-9999,-9999,-9999
GALAXY,9.053.612,2.126.441,192.018,1.810.558,1.775.352,1.738.477,7.766.993,1.604.695,2.078.279,1.753.698,2.364.541,-9999,-9999,-9999
GALAXY,9.051.491,2.126.441,192.018,1.810.558,1.775.352,1.738.477,7.766.993,1.604.695,2.078.279,1.753.698,2.364.541,-9999,-9999,-9999
GALAXY,2.170.876,2.040.653,1.965.674,1.961.366,198.701,1.982.456,4.373.145,1.538.862,1.916.427,3.097.264,7.628.812,-9999,-9999,-9999
GALAXY,3.076.891,205.037,1.850.888,1.748.368,1.700.486,166.367,4.607.303,1.173.999,1.379.637,2.203.454,2.341.179,-9999,-9999,-9999
GALAXY,4.707.855,209.384,1.889.653,1.784.225,1.738.761,1.709.302,6.485.482,1.455.342,1.761.183,1.559.453,1.523.275,-9999,-9999,-9999
GALAXY,4.712.786,209.384,1.889.653,1.784.225,1.738.761,1.709.302,6.485.482,1.455.342,1.761.183,1.559.453,1.523.275,-9999,-9999,-9999
GALAXY,658.949,200.703,1.911.005,1.860.501,1.849.073,1.842.267,352.348,1.404.744,1.931.188,157.263,2.772.322,-9999,-9999,-9999
GALAXY,6.573.134,200.703,1.911.005,1.860.501,1.849.073,1.842.267,352.348,1.404.744,1.931.188,157.263,2.772.322,-9999,-9999,-9999
GALAXY,3.835.985,2.308.362,2.158.692,1.996.238,1.921.253,18.743,3.459.453,5.770.281,2.268.523,2.349.977,361.641,-9999,-9999,-9999
GALAXY,3.833.947,2.308.362,2.158.692,1.996.238,1.921.253,18.743,3.459.453,5.770.281,2.268.523,2.349.977,361.641,-9999,-9999,-9999
GALAXY,6.249.849,2.087.617,1.957.374,1.899.652,1.853.411,1.830.287,657.407,2.070.508,1.635.968,206.747,2.791.443,-9999,-9999,-9999
GALAXY,625.282,2.087.617,1.957.374,1.899.652,1.853.411,1.830.287,657.407,2.070.508,1.635.968,206.747,2.791.443,-9999,-9999,-9999
GALAXY,1.480.436,2.156.213,1.954.369,1.842.038,1.788.899,175.043,1.047.393,197.452,1.867.775,1.375.743,1.901.147,-9999,-9999,-9999
GALAXY,1.480.799,2.156.213,1.954.369,1.842.038,1.788.899,175.043,1.047.393,197.452,1.867.775,1.375.743,1.901.147,-9999,-9999,-9999
GALAXY,1.473.114,1.973.689,1.938.712,1.905.625,1.878.432,1.909.707,3.010.399,1.921.487,2.010.494,1.604.472,4.947.668,-9999,-9999,-9999
GALAXY,1.473.004,1.973.689,1.938.712,1.905.625,1.878.432,1.909.707,3.010.399,1.921.487,2.010.494,1.604.472,4.947.668,-9999,-9999,-9999
GALAXY,374.546,2.048.115,1.966.951,1.923.887,1.900.483,1.872.257,4.579.005,1.919.167,1.842.737,1.824.016,3.700.236,-9999,-9999,-9999
GALAXY,3.745.268,2.048.115,1.966.951,1.923.887,1.900.483,1.872.257,4.579.005,1.919.167,1.842.737,1.824.016,3.700.236,-9999,-9999,-9999
GALAXY,3.797.853,1.996.273,1.856.007,17.723,1.736.289,1.691.484,3.815.816,1.272.421,1.345.483,182.153,1.909.673,-9999,-9999,-9999
GALAXY,3.801.033,1.996.273,1.856.007,17.723,1.736.289,1.691.484,3.815.816,1.272.421,1.345.483,182.153,1.909.673,-9999,-9999,-9999
GALAXY,3.635.695,2.059.451,1.866.159,1.769.564,1.730.338,1.685.178,5.089.118,128.037,1.342.207,1.816.165,1.898.228,-9999,-9999,-9999
GALAXY,3.638.333,2.059.451,1.866.159,1.769.564,1.730.338,1.685.178,5.089.118,128.037,1.342.207,1.816.165,1.898.228,-9999,-9999,-9999
GALAXY,1.638.765,2.252.786,204.925,1.933.049,1.877.346,1.835.687,2.242.408,3.245.943,1.746.879,1.955.508,2.822.123,-9999,-9999,-9999
GALAXY,1.639.919,2.252.786,204.925,1.933.049,1.877.346,1.835.687,2.242.408,3.245.943,1.746.879,1.955.508,2.822.123,-9999,-9999,-9999
GALAXY,3.581.575,2.299.133,2.197.093,1.988.692,1.932.373,1.888.334,3.323.911,760.807,2.452.567,2.095.736,3.815.652,-9999,-9999,-9999
GALAXY,3.582.156,2.299.133,2.197.093,1.988.692,1.932.373,1.888.334,3.323.911,760.807,2.452.567,2.095.736,3.815.652,-9999,-9999,-9999
GALAXY,9.888.644,2.136.919,2.026.939,1.946.661,192.756,190.553,8.824.801,2.589.174,2.092.197,206.773,4.484.332,-9999,-9999,-9999
GALAXY,9.889.773,2.136.919,2.026.939,1.946.661,192.756,190.553,8.824.801,2.589.174,2.092.197,206.773,4.484.332,-9999,-9999,-9999
GALAXY,5.129.556,2.116.095,1.909.533,1.788.345,1.739.511,1.692.425,7.699.221,1.966.974,1.629.912,1.367.932,1.446.943,-9999,-9999,-9999
GALAXY,512.595,2.116.095,1.909.533,1.788.345,1.739.511,1.692.425,7.699.221,1.966.974,1.629.912,1.367.932,1.446.943,-9999,-9999,-9999
GALAXY,4.102.879,2.509.131,2.228.577,2.035.805,1.972.622,1.919.168,7.062.195,1.000.739,3.181.894,2.631.818,5.594.346,-9999,-9999,-9999
GALAXY,4.104.962,2.509.131,2.228.577,2.035.805,1.972.622,1.919.168,7.062.195,1.000.739,3.181.894,2.631.818,5.594.346,-9999,-9999,-9999
GALAXY,7.932.202,2.140.051,1.928.862,1.813.262,1.768.332,1.735.496,9.014.874,145.432,1.865.383,1.378.187,1.646.498,-9999,-9999,-9999
GALAXY,7.929.757,2.140.051,1.928.862,1.813.262,1.768.332,1.735.496,9.014.874,145.432,1.865.383,1.378.187,1.646.498,-9999,-9999,-9999
GALAXY,6.250.914,2.091.969,1.857.674,1.750.499,1.698.391,1.669.254,6.009.789,1.272.603,1.459.878,160.225,2.123.216,-9999,-9999,-9999
GALAXY,5.805.135,2.481.166,2.379.955,2.227.279,2.203.081,2.132.677,787.867,3.288.713,1.258.213,1.491.653,2.937.833,-9999,-9999,-9999
GALAXY,6.240.187,234.197,2.062.761,1.945.342,1.882.694,1.836.425,151.297,2.436.478,1.545.426,1.063.706,5.368.164,-9999,-9999,-9999
GALAXY,3.070.351,2.079.892,1.886.172,1.786.793,1.738.604,1.696.726,5.576.686,1.703.531,151.844,1.618.155,2.516.476,-9999,-9999,-9999
GALAXY,6.293.288,2.119.336,1.899.336,1.794.368,1.744.179,1.699.747,7.640.788,1.728.929,1.522.969,1.620.506,2.531.429,-9999,-9999,-9999
GALAXY,6.296.081,2.119.336,1.899.336,1.794.368,1.744.179,1.699.747,7.640.788,1.728.929,1.522.969,1.620.506,2.531.429,-9999,-9999,-9999
GALAXY,631.806,2.092.379,1.887.571,1.788.361,1.741.705,1.699.401,6.202.799,1.707.138,1.519.567,1.618.912,2.540.032,-9999,-9999,-9999
GALAXY,632.066,2.092.379,1.887.571,1.788.361,1.741.705,1.699.401,6.202.799,1.707.138,1.519.567,1.618.912,2.540.032,-9999,-9999,-9999
GALAXY,9.150.308,2.134.279,198.021,1.878.093,1.833.842,1.796.222,866.935,2.017.947,1.639.057,1.736.143,3.046.238,-9999,-9999,-9999
GALAXY,9.155.686,2.134.279,198.021,1.878.093,1.833.842,1.796.222,866.935,2.017.947,1.639.057,1.736.143,3.046.238,-9999,-9999,-9999
GALAXY,8.993.113,2.099.699,194.184,1.838.327,1.800.469,1.772.498,7.017.912,1.795.436,170.923,1.688.684,2.223.462,-9999,-9999,-9999
GALAXY,9.001.952,2.099.699,194.184,1.838.327,1.800.469,1.772.498,7.017.912,1.795.436,170.923,1.688.684,2.223.462,-9999,-9999,-9999
GALAXY,9.097.773,212.785,1.941.068,1.832.414,1.793.181,1.763.316,8.223.996,1.770.855,1.700.797,1.682.174,2.141.244,-9999,-9999,-9999
GALAXY,9.103.485,212.785,1.941.068,1.832.414,1.793.181,1.763.316,8.223.996,1.770.855,1.700.797,1.682.174,2.141.244,-9999,-9999,-9999
GALAXY,1.221.713,2.147.668,1.959.599,1.851.143,1.808.833,1.776.284,9.970.775,1.883.944,1.730.693,1.709.346,225.008,-9999,-9999,-9999
GALAXY,1.221.846,2.147.668,1.959.599,1.851.143,1.808.833,1.776.284,9.970.775,1.883.944,1.730.693,1.709.346,225.008,-9999,-9999,-9999
GALAXY,2.031.299,2.200.393,2.054.934,1.956.298,1.919.726,1.876.261,189.802,2.918.729,1.900.705,1.950.991,4.104.748,-9999,-9999,-9999
GALAXY,2.031.962,2.200.393,2.054.934,1.956.298,1.919.726,1.876.261,189.802,2.918.729,1.900.705,1.950.991,4.104.748,-9999,-9999,-9999
GALAXY,1.425.823,2.191.818,201.709,1.909.035,1.869.903,1.838.138,1.582.433,2.505.826,1.583.663,1.841.266,2.923.807,-9999,-9999,-9999
GALAXY,1.426.178,2.191.818,201.709,1.909.035,1.869.903,1.838.138,1.582.433,2.505.826,1.583.663,1.841.266,2.923.807,-9999,-9999,-9999
GALAXY,1.477.299,2.124.252,1.930.637,1.812.582,1.771.766,1.732.636,8.822.424,2.039.913,1.386.871,1.666.254,1.795.681,-9999,-9999,-9999
GALAXY,1.477.088,2.124.252,1.930.637,1.812.582,1.771.766,1.732.636,8.822.424,2.039.913,1.386.871,1.666.254,1.795.681,-9999,-9999,-9999
GALAXY,1.464.075,2.137.168,1.961.008,1.854.351,181.351,1.775.661,8.829.009,2.155.737,145.883,1.724.958,2.108.578,-9999,-9999,-9999
GALAXY,1.463.829,2.137.168,1.961.008,1.854.351,181.351,1.775.661,8.829.009,2.155.737,145.883,1.724.958,2.108.578,-9999,-9999,-9999
GALAXY,522.889,1.986.421,1.844.486,1.771.179,1.725.798,1.688.039,3.174.905,1.499.877,1.439.304,1.251.771,2.279.915,-9999,-9999,-9999
GALAXY,4.605.287,2.293.263,2.236.132,2.055.828,1.975.744,1.936.992,3.689.451,1.147.294,3.848.293,3.017.111,6.260.759,-9999,-9999,-9999
GALAXY,460.163,2.293.263,2.236.132,2.055.828,1.975.744,1.936.992,3.689.451,1.147.294,3.848.293,3.017.111,6.260.759,-9999,-9999,-9999
GALAXY,5.302.386,2.122.688,1.934.895,1.833.072,1.775.562,1.728.537,171.955,5.674.057,3.313.558,3.677.876,3.362.301,-9999,-9999,-9999
GALAXY,5.255.049,2.215.235,2.004.104,1.905.234,1.847.726,1.796.599,2.287.696,2.075.119,1.671.537,1.447.649,2.806.263,-9999,-9999,-9999
GALAXY,369.527,2.338.347,2.180.348,2.003.364,1.939.244,1.892.058,5.484.118,7.167.086,2.802.976,2.534.416,4.511.667,-9999,-9999,-9999
GALAXY,3.694.264,2.338.347,2.180.348,2.003.364,1.939.244,1.892.058,5.484.118,7.167.086,2.802.976,2.534.416,4.511.667,-9999,-9999,-9999
GALAXY,365.933,249.797,2.212.518,2.033.139,1.964.719,1.913.706,8.055.609,7.909.419,2.819.678,2.242.085,5.121.517,-9999,-9999,-9999
GALAXY,4.057.267,2.344.331,2.221.713,2.048.774,1.969.219,1.932.901,8.034.184,1.034.216,3.960.055,3.125.511,636.328,-9999,-9999,-9999
GALAXY,4.059.377,2.344.331,2.221.713,2.048.774,1.969.219,1.932.901,8.034.184,1.034.216,3.960.055,3.125.511,636.328,-9999,-9999,-9999
GALAXY,151.113,2.158.649,1.969.794,1.846.973,1.802.787,1.763.755,109.139,2.256.595,157.729,1.656.882,2.248.084,-9999,-9999,-9999
GALAXY,1.510.908,2.158.649,1.969.794,1.846.973,1.802.787,1.763.755,109.139,2.256.595,157.729,1.656.882,2.248.084,-9999,-9999,-9999
GALAXY,5.217.639,1.986.421,1.844.486,1.771.179,1.725.798,1.688.039,3.174.905,1.499.877,1.439.304,1.251.771,2.279.915,-9999,-9999,-9999
GALAXY,3.661.692,249.797,2.212.518,2.033.139,1.964.719,1.913.706,8.055.609,7.909.419,2.819.678,2.242.085,5.121.517,-9999,-9999,-9999
GALAXY,3.073.909,205.037,1.850.888,1.748.368,1.700.486,166.367,4.607.303,1.173.999,1.379.637,2.203.454,2.341.179,-9999,-9999,-9999
GALAXY,2.171.789,2.040.653,1.965.674,1.961.366,198.701,1.982.456,4.373.145,1.538.862,1.916.427,3.097.264,7.628.812,-9999,-9999,-9999
QSO,2.289.685,1.707.686,1.611.059,153.561,1.522.339,1.505.719,4.032.511,1.622.288,1.863.355,2.256.605,199.183,-9999,-9999,-9999
QSO,3.384.342,1.853.772,1.790.194,1.730.258,1.702.826,1.671.148,186.958,2.789.264,1.828.607,1.480.154,1.869.555,-9999,-9999,-9999
QSO,3.787.673,1.724.311,167.914,1.648.683,1.620.392,1.597.837,1.643.547,110.027,1.425.485,1.612.486,1.654.044,-9999,-9999,-9999
QSO,5.435.376,1.706.306,1.698.159,167.615,1.652.409,1.642.682,1.570.947,1.883.215,1.788.261,2.873.175,2.135.264,-9999,-9999,-9999
QSO,6.238.256,1.922.044,1.802.852,1.746.265,1.706.034,167.055,3.638.079,3.837.866,165.223,3.259.391,3.683.962,-9999,-9999,-9999
QSO,5.547.925,1.810.608,1.755.453,1.717.988,1.685.734,1.668.216,3.346.215,2.307.565,2.137.366,1.802.995,2.867.858,-9999,-9999,-9999
QSO,539.623,1.867.159,1.786.065,1.734.394,1.698.078,1.669.127,2.517.241,1.663.794,1.769.502,1.388.449,2.357.321,-9999,-9999,-9999
QSO,5.508.055,2.451.411,1.872.321,1.787.648,173.771,1.708.801,9.450.785,1.439.492,1.028.342,1.699.927,2.144.756,-9999,-9999,-9999
QSO,5.246.851,1.917.228,1.806.226,1.742.234,1.684.446,1.655.362,2.293.192,3.810.338,3.812.553,2.964.853,1.704.588,-9999,-9999,-9999
QSO,4.369.109,1.882.132,1.733.374,1.656.661,1.611.446,1.568.541,2.746.784,118.053,1.904.887,3.047.279,1.584.242,-9999,-9999,-9999
QSO,3.240.902,1.911.804,1.785.344,1.735.718,170.035,1.664.886,2.526.686,2.269.216,1.255.224,1.278.181,196.216,-9999,-9999,-9999
QSO,2.714.456,1.866.335,174.451,1.671.994,16.391,161.383,2.348.552,1.375.849,2.034.636,238.911,1.717.107,-9999,-9999,-9999
QSO,2.641.799,1.848.627,1.707.546,1.648.721,1.613.004,1.582.724,2.482.155,5.761.422,3.558.758,204.986,68.454,-9999,-9999,-9999
QSO,663.669,1.933.911,1.814.184,1.730.655,168.022,1.646.852,9.497.362,2.003.645,2.093.967,2.154.777,2.890.195,-9999,-9999,-9999
QSO,6.461.497,201.183,1.847.243,1.774.062,1.725.296,1.714.616,4.991.497,1.955.398,1.918.186,1.361.508,2.025.948,-9999,-9999,-9999
QSO,5.064.732,1.973.594,1.875.738,1.802.224,1.752.991,1.738.758,3.214.261,1.701.585,9.213.593,142.335,2.791.142,-9999,-9999,-9999
QSO,5.779.316,2.095.133,1.920.842,1.842.465,1.803.718,1.772.263,7.149.748,7.490.571,5.540.423,4.903.702,2.331.671,-9999,-9999,-9999
QSO,5.478.683,19.955,1.891.702,1.826.089,1.772.512,1.759.727,3.306.112,2.083.958,3.120.183,356.201,2.896.745,-9999,-9999,-9999
QSO,5.126.621,1.757.251,168.757,1.634.479,1.592.187,158.517,2.068.346,1.800.502,1.220.212,1.654.669,1.537.665,-9999,-9999,-9999
QSO,4.988.477,2.046.857,1.893.595,1.816.296,1.784.436,1.758.841,5.778.698,3.299.051,1.753.096,1.767.203,2.924.068,-9999,-9999,-9999
QSO,508.137,1.897.224,1.832.829,1.800.851,1.766.522,174.822,2.676.965,1.969.001,2.038.467,2.004.792,2.805.462,-9999,-9999,-9999
QSO,6.428.257,1.785.869,1.759.347,1.727.115,1.687.152,1.681.747,1.540.552,1.476.481,1.326.699,1.288.786,1.800.621,-9999,-9999,-9999
QSO,5.240.773,1.978.283,1.800.033,1.737.047,1.688.899,1.656.401,5.373.399,3.021.355,1.486.664,1.660.504,2.702.548,-9999,-9999,-9999
QSO,5.997.318,1.869.781,1.788.645,1.743.439,1.667.729,1.649.274,2.431.367,2.845.897,1.309.886,217.933,1.624.818,-9999,-9999,-9999
QSO,5.511.853,1.984.888,182.888,1.785.981,1.751.607,1.718.689,3.387.633,1.509.276,1.646.498,1.206.025,2.959.931,-9999,-9999,-9999
QSO,5.161.597,2.003.002,1.835.596,1.761.381,1.707.957,166.116,4.120.423,1.655.749,198.173,205.473,1.728.002,-9999,-9999,-9999
QSO,6.484.028,2.023.708,1.855.817,1.749.545,1.696.843,1.687.548,4.803.338,1.390.023,2.095.573,1.584.378,1.749.131,-9999,-9999,-9999
QSO,541.431,1.970.046,1.898.223,1.841.457,1.802.294,17.735,3.469.747,2.112.944,1.396.074,1.701.956,237.586,-9999,-9999,-9999
QSO,5.502.596,163.738,1.621.303,1.614.054,1.571.535,1.566.839,1.715.261,1.293.959,1.409.058,1.297.595,1.398.885,-9999,-9999,-9999
QSO,4.683.929,1.780.261,1.726.183,1.688.898,1.656.083,1.618.445,1.945.383,1.681.492,1.260.877,2.053.581,2.827.377,-9999,-9999,-9999
QSO,6.712.342,1.973.352,1.865.477,1.798.914,1.752.286,1.720.444,2.928.415,1.531.153,1.541.455,1.741.504,2.020.521,-9999,-9999,-9999
QSO,6.709.954,1.973.352,1.865.477,1.798.914,1.752.286,1.720.444,2.928.415,1.531.153,1.541.455,1.741.504,2.020.521,-9999,-9999,-9999
QSO,659.427,1.877.439,1.804.612,1.750.992,1.703.456,1.687.087,2.339.376,1.879.896,1.476.261,1.119.559,1.981.603,-9999,-9999,-9999
QSO,4.591.636,1.856.743,1.749.269,1.678.786,1.646.476,1.617.754,1.638.626,1.799.303,1.345.358,1.293.743,2.351.831,-9999,-9999,-9999
QSO,5.717.089,1.986.519,1.853.971,179.736,1.759.539,1.734.806,501.741,7.926.897,8.552.337,7.085.167,6.542.019,-9999,-9999,-9999
QSO,6.582.695,1.929.003,1.846.208,1.789.039,1.747.531,1.726.851,2.804.619,1.578.242,1.860.192,1.850.414,2.463.429,-9999,-9999,-9999
QSO,6.718.826,2.122.412,195.776,1.895.066,1.849.696,1.808.835,9.912.609,2.236.838,1.821.772,1.787.946,2.661.179,-9999,-9999,-9999
QSO,6.138.497,1.857.272,1.812.845,1.786.366,1.740.257,1.732.737,2.381.765,1.448.322,1.794.553,1.540.577,1.867.315,-9999,-9999,-9999
QSO,6.286.001,1.852.771,1.796.708,1.758.084,172.093,1.701.632,2.052.662,2.531.717,1.013.886,2.148.919,1.959.243,-9999,-9999,-9999
QSO,5.674.937,1.880.442,1.847.661,1.827.187,1.786.544,1.771.946,2.315.796,1.197.195,1.293.041,1.147.101,2.236.214,-9999,-9999,-9999
QSO,5.890.987,1.816.167,1.760.571,171.306,1.667.522,1.645.374,1.405.108,2.009.282,184.851,1.754.154,1.754.233,-9999,-9999,-9999
QSO,638.359,1.914.196,1.848.072,1.802.185,1.751.811,1.731.854,2.525.965,222.095,1.291.576,1.376.588,1.647.216,-9999,-9999,-9999
QSO,6.206.207,1.836.907,1.782.264,1.736.558,1.693.417,1.677.157,1.947.451,1.656.768,1.345.763,1.791.211,1.849.746,-9999,-9999,-9999
QSO,5.419.644,1.967.472,1.831.269,1.763.329,1.714.134,1.685.658,2.701.011,2.201.539,2.241.217,12.887,2.173.502,-9999,-9999,-9999
QSO,4.541.837,187.529,1.765.324,17.033,1.666.108,163.462,1.992.249,1.751.557,1.370.916,227.632,1.782.866,-9999,-9999,-9999
QSO,6.557.366,188.458,1.814.434,1.769.226,1.724.421,1.692.893,2.630.024,1.472.841,2.235.734,1.320.779,218.258,-9999,-9999,-9999
QSO,674.153,2.023.142,1.938.394,1.874.543,1.834.971,1.810.434,4.374.356,2.641.883,1.661.894,2.326.612,2.252.271,-9999,-9999,-9999
QSO,6.183.716,1.667.062,1.643.003,1.625.499,1.585.161,1.575.962,1.611.463,1.130.387,1.130.256,1.261.365,2.136.701,-9999,-9999,-9999
QSO,6.191.602,1.667.062,1.643.003,1.625.499,1.585.161,1.575.962,1.611.463,1.130.387,1.130.256,1.261.365,2.136.701,-9999,-9999,-9999
QSO,625.544,1.948.602,1.852.464,1.799.528,1.756.851,1.737.057,2.938.332,3.207.676,2.105.013,2.733.088,2.380.285,-9999,-9999,-9999
QSO,6.257.698,1.948.602,1.852.464,1.799.528,1.756.851,1.737.057,2.938.332,3.207.676,2.105.013,2.733.088,2.380.285,-9999,-9999,-9999
QSO,6.697.582,1.981.978,1.862.502,1.789.894,1.745.533,1.712.258,4.309.317,1.499.773,1.699.134,1.861.916,2.810.606,-9999,-9999,-9999
QSO,6.234.368,171.167,1.695.142,1.677.348,1.631.899,1.622.245,1.957.566,1.786.005,1.831.413,1.212.255,1.988.233,-9999,-9999,-9999
QSO,5.372.252,195.954,184.943,1.796.693,1.762.186,1.725.145,4.694.259,2.212.809,1.270.886,1.647.448,1.989.299,-9999,-9999,-9999
QSO,5.530.405,1.991.122,1.838.799,1.778.732,171.538,1.697.626,4.691.619,2.625.841,2.063.069,2.309.769,2.819.946,-9999,-9999,-9999
QSO,6.519.432,1.951.175,1.801.692,171.655,1.645.516,1.610.791,2.877.995,3.149.454,177.293,1.942.562,1.868.888,-9999,-9999,-9999
QSO,6.387.177,2.025.908,1.899.743,1.840.688,1.784.335,1.754.325,4.371.697,1.763.449,1.131.836,1.686.935,2.819.864,-9999,-9999,-9999
QSO,6.052.436,2.001.155,1.898.725,1.866.384,1.817.402,1.787.592,3.611.748,1.540.966,1.174.982,137.759,2.554.172,-9999,-9999,-9999
QSO,5.761.117,2.181.506,2.126.888,2.091.654,2.038.241,2.001.655,1.896.255,4.369.044,431.462,4.277.365,1.030.534,-9999,-9999,-9999
QSO,6.360.488,1.919.108,1.820.462,1.773.405,173.145,1.702.339,2.197.647,2.066.708,1.761.147,1.183.827,240.677,-9999,-9999,-9999
QSO,5.154.388,1.952.773,1.879.358,1.826.155,1.780.058,1.734.527,3.112.484,238.592,2.046.214,1.727.386,2.088.302,-9999,-9999,-9999
QSO,6.129.505,1.912.917,1.825.286,1.765.435,1.712.981,1.679.217,2.931.959,1.960.833,1.720.241,2.408.584,281.333,-9999,-9999,-9999
QSO,6.563.585,1.815.317,177.565,1.744.177,1.722.424,1.697.416,2.671.237,2.987.381,1.679.375,1.933.777,2.316.613,-9999,-9999,-9999
QSO,6.562.798,1.815.317,177.565,1.744.177,1.722.424,1.697.416,2.671.237,2.987.381,1.679.375,1.933.777,2.316.613,-9999,-9999,-9999
QSO,57.515,1.948.001,1.821.775,1.739.614,1.689.278,1.646.462,452.113,2.584.447,1.721.138,2.102.487,2.235.816,-9999,-9999,-9999
QSO,4.573.886,1.915.906,182.744,1.772.006,1.740.041,1.716.132,2.756.196,142.976,1.515.506,1.595.419,236.787,-9999,-9999,-9999
QSO,5.120.365,1.910.585,1.849.035,1.810.558,1.766.388,173.146,2.518.331,1.465.444,1.303.255,1.742.637,2.479.107,-9999,-9999,-9999
QSO,6.265.245,1.950.184,1.891.385,1.857.627,1.818.886,1.808.879,2.577.467,142.645,1.719.687,173.233,2.490.867,-9999,-9999,-9999
QSO,6.263.614,1.950.184,1.891.385,1.857.627,1.818.886,1.808.879,2.577.467,142.645,1.719.687,173.233,2.490.867,-9999,-9999,-9999
QSO,6.262.593,1.950.184,1.891.385,1.857.627,1.818.886,1.808.879,2.577.467,142.645,1.719.687,173.233,2.490.867,-9999,-9999,-9999
QSO,6.168.745,1.914.624,1.756.081,1.696.667,1.647.636,1.620.057,271.541,1.565.931,1.614.022,1.823.135,1.606.146,-9999,-9999,-9999
QSO,5.218.846,1.690.853,1.680.391,16.513,1.616.028,1.605.344,1.167.978,2.674.689,1.777.493,1.852.795,1.834.583,-9999,-9999,-9999
QSO,547.813,1.919.739,17.575,1.693.828,1.640.729,1.599.991,3.056.673,1.251.631,1.909.425,160.157,2.126.952,-9999,-9999,-9999
QSO,4.677.902,1.993.125,1.804.764,1.721.909,167.083,1.635.719,3.456.238,1.218.694,1.012.636,1.361.479,1.882.185,-9999,-9999,-9999
QSO,6.553.765,1.888.505,1.833.057,1.790.597,1.752.936,1.727.402,2.661.381,1.866.931,1.357.692,1.178.536,2.127.943,-9999,-9999,-9999
QSO,6.551.804,1.888.505,1.833.057,1.790.597,1.752.936,1.727.402,2.661.381,1.866.931,1.357.692,1.178.536,2.127.943,-9999,-9999,-9999
QSO,6.251.466,2.037.399,1.876.104,1.821.912,1.765.843,1.739.256,5.247.276,1.746.316,2.141.971,1.659.573,2.603.978,-9999,-9999,-9999
QSO,6.250.638,2.037.399,1.876.104,1.821.912,1.765.843,1.739.256,5.247.276,1.746.316,2.141.971,1.659.573,2.603.978,-9999,-9999,-9999
QSO,4.725.674,1.993.677,1.830.952,1.751.646,1.717.404,1.688.642,3.929.869,155.225,2.214.329,1.349.356,2.180.467,-9999,-9999,-9999
QSO,5.922.451,1.898.734,1.786.512,1.723.545,1.680.657,1.651.069,3.123.846,1.703.527,1.067.071,1.642.413,1.451.081,-9999,-9999,-9999
QSO,606.815,189.663,1.791.259,1.747.908,1.717.508,1.685.894,2.672.948,2.405.126,1.592.538,1.029.307,2.217.566,-9999,-9999,-9999
QSO,4.566.712,1.829.696,1.753.595,1.697.611,1.660.475,1.631.099,1.596.258,1.337.498,1.152.155,2.171.319,2.797.046,-9999,-9999,-9999
QSO,4.869.759,1.900.961,1.818.117,177.435,1.738.395,1.707.444,3.103.018,2.390.922,2.010.091,1.642.256,2.459.607,-9999,-9999,-9999
QSO,6.498.668,1.965.341,1.872.452,1.805.941,1.762.946,1.737.602,2.993.174,2.010.573,2.163.674,1.967.985,1.976.746,-9999,-9999,-9999
QSO,4.799.197,1.899.644,1.741.059,1.678.293,1.627.781,1.601.307,3.370.397,2.653.009,166.875,1.999.987,2.035.235,-9999,-9999,-9999
QSO,5.475.951,1.876.212,1.818.416,1.793.657,1.753.005,172.768,2.585.377,247.565,1.860.445,1.548.401,2.035.857,-9999,-9999,-9999
QSO,5.220.335,199.655,1.813.858,1.733.399,1.695.295,1.644.375,4.366.309,2.582.499,2.768.819,2.686.646,1.674.921,-9999,-9999,-9999
QSO,528.083,1.894.878,1.824.913,1.775.836,1.734.299,1.703.058,2.576.356,1.875.605,1.013.976,1.316.381,2.047.086,-9999,-9999,-9999
QSO,5.270.622,1.894.878,1.824.913,1.775.836,1.734.299,1.703.058,2.576.356,1.875.605,1.013.976,1.316.381,2.047.086,-9999,-9999,-9999
QSO,5.490.021,2.068.554,1.870.048,1.798.976,1.740.715,1.699.406,7.973.647,1.928.583,1.635.241,171.434,2.259.275,-9999,-9999,-9999
QSO,6.170.309,1.749.972,1.720.739,1.698.346,1.659.755,1.646.987,2.002.465,2.054.546,1.619.444,1.213.172,2.254.961,-9999,-9999,-9999
QSO,5.686.806,2.022.901,1.879.506,1.804.033,1.764.611,1.727.103,502.255,1.740.532,1.395.765,1.437.717,1.845.836,-9999,-9999,-9999
QSO,6.639.756,2.057.795,1.876.546,1.801.008,1.755.592,1.724.399,6.070.134,2.304.913,1.103.579,1.147.646,1.903.963,-9999,-9999,-9999
QSO,6.500.977,2.109.541,1.938.952,1.832.721,1.735.655,1.705.029,1.024.976,2.248.572,155.251,1.551.508,1.690.686,-9999,-9999,-9999
QSO,6.623.235,1.973.899,1.884.503,18.304,1.787.534,17.575,3.927.723,1.857.425,156.747,1.670.554,2.456.371,-9999,-9999,-9999
QSO,6.550.524,2.034.454,1.867.603,1.795.179,1.739.914,1.711.965,4.680.685,2.361.511,2.249.214,1.828.884,2.167.461,-9999,-9999,-9999
QSO,5.815.266,1.993.269,1.809.295,1.715.574,1.676.332,1.656.908,3.457.892,1.940.605,1.473.793,2.394.186,1.294.763,-9999,-9999,-9999
QSO,467.449,1.826.585,1.694.973,16.337,1.584.907,1.561.953,2.276.976,1.368.645,1.356.499,2.030.033,1.717.658,-9999,-9999,-9999
QSO,62.575,2.062.449,1.898.302,1.833.738,1.780.347,1.757.436,5.145.274,2.274.076,1.515.353,1.163.349,1.693.375,-9999,-9999,-9999
QSO,6.629.963,2.023.146,1.860.329,1.789.718,1.746.562,1.719.311,5.268.844,224.209,1.328.508,1.579.493,2.044.405,-9999,-9999,-9999